Timestamp for sample frequency every 1 min,Temperature_Celsius,Relative_Humidity
11/10/2019 16:25,17.2,40.3
11/10/2019 16:26,17.2,40.3
11/10/2019 16:27,17.1,40.4
11/10/2019 16:28,17.1,40.4
11/10/2019 16:29,17,40.6
11/10/2019 16:30,17,40.6
11/10/2019 16:31,17,40.5
11/10/2019 16:32,16.9,40.8
11/10/2019 16:33,16.9,40.7
11/10/2019 16:34,16.8,40.8
11/10/2019 16:35,16.8,41
11/10/2019 16:36,16.8,41.1
11/10/2019 16:37,16.8,41.2
11/10/2019 16:38,16.8,41.2
11/10/2019 16:39,16.8,41.5
11/10/2019 16:40,16.7,41.4
11/10/2019 16:41,16.7,41.3
11/10/2019 16:42,16.6,41.6
11/10/2019 16:43,16.6,41.7
11/10/2019 16:44,16.6,41.8
11/10/2019 16:45,16.6,41.8
11/10/2019 16:46,16.5,41.8
11/10/2019 16:47,16.5,42.1
11/10/2019 16:48,16.5,42.1
11/10/2019 16:49,16.4,42.3
11/10/2019 16:50,16.4,42.5
11/10/2019 16:51,16.4,42.5
11/10/2019 16:52,16.3,42.3
11/10/2019 16:53,16.3,42.1
11/10/2019 16:54,16.3,42.2
11/10/2019 16:55,16.3,42.1
11/10/2019 16:56,16.2,42.1
11/10/2019 16:57,16.2,42.3
11/10/2019 16:58,16.2,42.4
11/10/2019 16:59,16.2,42.3
11/10/2019 17:00,16.1,42.4
11/10/2019 17:01,16.1,42.5
11/10/2019 17:02,16,42.6
11/10/2019 17:03,16,42.6
11/10/2019 17:04,15.9,42.6
11/10/2019 17:05,15.9,42.8
11/10/2019 17:06,15.9,42.8
11/10/2019 17:07,15.8,42.8
11/10/2019 17:08,15.8,43
11/10/2019 17:09,15.7,43
11/10/2019 17:10,15.7,43.1
11/10/2019 17:11,15.6,43.1
11/10/2019 17:12,15.6,43.2
11/10/2019 17:13,15.6,43.4
11/10/2019 17:14,15.5,43.3
11/10/2019 17:15,15.5,43.4
11/10/2019 17:16,15.5,43.4
11/10/2019 17:17,15.5,43.6
11/10/2019 17:18,15.4,43.6
11/10/2019 17:19,15.4,43.6
11/10/2019 17:20,15.4,43.7
11/10/2019 17:21,15.3,43.8
11/10/2019 17:22,15.3,43.7
11/10/2019 17:23,15.3,43.8
11/10/2019 17:24,15.3,43.8
11/10/2019 17:25,15.3,43.9
11/10/2019 17:26,15.2,44
11/10/2019 17:27,15.2,44
11/10/2019 17:28,15.1,43.9
11/10/2019 17:29,15.1,44
11/10/2019 17:30,15.1,44.1
11/10/2019 17:31,15.1,44.2
11/10/2019 17:32,15,44.2
11/10/2019 17:33,15,44.3
11/10/2019 17:34,15,44.3
11/10/2019 17:35,15,44.3
11/10/2019 17:36,15,44.4
11/10/2019 17:37,14.9,44.4
11/10/2019 17:38,14.9,44.6
11/10/2019 17:39,14.9,44.6
11/10/2019 17:40,14.8,44.5
11/10/2019 17:41,14.8,44.7
11/10/2019 17:42,14.8,44.7
11/10/2019 17:43,14.7,45.2
11/10/2019 17:44,14.6,45.6
11/10/2019 17:45,14.5,45.6
11/10/2019 17:46,14.5,45.7
11/10/2019 17:47,14.3,46
11/10/2019 17:48,14.3,46
11/10/2019 17:49,14.3,46.2
11/10/2019 17:50,14.3,46.2
11/10/2019 17:51,14.2,46.3
11/10/2019 17:52,14.2,46.5
11/10/2019 17:53,14.1,46.7
11/10/2019 17:54,13.9,46.8
11/10/2019 17:55,13.8,47.1
11/10/2019 17:56,13.7,47.2
11/10/2019 17:57,13.7,47.4
11/10/2019 17:58,13.7,47.4
11/10/2019 17:59,13.7,47.5
11/10/2019 18:00,13.6,47.5
11/10/2019 18:01,13.5,48.6
11/10/2019 18:02,13.4,49
11/10/2019 18:03,13.4,49.2
11/10/2019 18:04,13.4,49.3
11/10/2019 18:05,13.3,49.4
11/10/2019 18:06,13.3,49.6
11/10/2019 18:07,13.2,49.3
11/10/2019 18:08,13.1,50.1
11/10/2019 18:09,13.1,50.3
11/10/2019 18:10,13,50.3
11/10/2019 18:11,12.8,50.8
11/10/2019 18:12,12.8,51
11/10/2019 18:13,12.8,50.9
11/10/2019 18:14,12.7,51.1
11/10/2019 18:15,12.6,51.8
11/10/2019 18:16,12.5,52
11/10/2019 18:17,12.5,51.9
11/10/2019 18:18,12.5,52
11/10/2019 18:19,12.5,52
11/10/2019 18:20,12.5,52.2
11/10/2019 18:21,12.5,52.4
11/10/2019 18:22,12.4,52.3
11/10/2019 18:23,12.4,52.4
11/10/2019 18:24,12.4,52.4
11/10/2019 18:25,12.4,52.2
11/10/2019 18:26,12.3,52.3
11/10/2019 18:27,12.3,52.3
11/10/2019 18:28,12.3,52.3
11/10/2019 18:29,12.2,52.6
11/10/2019 18:30,12.2,52.6
11/10/2019 18:31,12.2,52.7
11/10/2019 18:32,12.2,52.7
11/10/2019 18:33,12.1,52.7
11/10/2019 18:34,12.1,52.9
11/10/2019 18:35,12,53.1
11/10/2019 18:36,12,53.1
11/10/2019 18:37,12,53
11/10/2019 18:38,12,53.1
11/10/2019 18:39,11.9,53.3
11/10/2019 18:40,11.8,53.7
11/10/2019 18:41,11.8,53.5
11/10/2019 18:42,11.7,53.9
11/10/2019 18:43,11.7,53.9
11/10/2019 18:44,11.6,54.3
11/10/2019 18:45,11.6,54.2
11/10/2019 18:46,11.5,54.2
11/10/2019 18:47,11.4,54.5
11/10/2019 18:48,11.4,54.5
11/10/2019 18:49,11.4,54.6
11/10/2019 18:50,11.3,54.6
11/10/2019 18:51,11.3,54.8
11/10/2019 18:52,11.3,55
11/10/2019 18:53,11.3,55.1
11/10/2019 18:54,11.3,55.1
11/10/2019 18:55,11.3,55
11/10/2019 18:56,11.2,55.1
11/10/2019 18:57,11.2,55.2
11/10/2019 18:58,11.2,55.4
11/10/2019 18:59,11.2,55.4
11/10/2019 19:00,11.1,55.7
11/10/2019 19:01,11.1,55.7
11/10/2019 19:02,11.1,55.8
11/10/2019 19:03,11,55.9
11/10/2019 19:04,11,56
11/10/2019 19:05,10.9,56.1
11/10/2019 19:06,10.9,56.3
11/10/2019 19:07,10.8,56.4
11/10/2019 19:08,10.8,56.5
11/10/2019 19:09,10.8,56.6
11/10/2019 19:10,10.8,56.6
11/10/2019 19:11,10.8,56.6
11/10/2019 19:12,10.7,56.4
11/10/2019 19:13,10.7,56.7
11/10/2019 19:14,10.7,56.9
11/10/2019 19:15,10.6,56.8
11/10/2019 19:16,10.6,56.8
11/10/2019 19:17,10.6,56.8
11/10/2019 19:18,10.6,57
11/10/2019 19:19,10.5,57.2
11/10/2019 19:20,10.5,57.1
11/10/2019 19:21,10.5,57.2
11/10/2019 19:22,10.5,57.4
11/10/2019 19:23,10.5,57.2
11/10/2019 19:24,10.5,57.2
11/10/2019 19:25,10.4,57.3
11/10/2019 19:26,10.4,57.4
11/10/2019 19:27,10.4,57.3
11/10/2019 19:28,10.4,57.5
11/10/2019 19:29,10.3,57.5
11/10/2019 19:30,10.3,57.6
11/10/2019 19:31,10.3,57.7
11/10/2019 19:32,10.3,57.8
11/10/2019 19:33,10.3,57.6
11/10/2019 19:34,10.2,57.8
11/10/2019 19:35,10.1,57.8
11/10/2019 19:36,10.1,57.7
11/10/2019 19:37,10.1,57.9
11/10/2019 19:38,10.1,58.1
11/10/2019 19:39,10,58.2
11/10/2019 19:40,10,58.3
11/10/2019 19:41,10,58.4
11/10/2019 19:42,10,58.3
11/10/2019 19:43,9.9,58.4
11/10/2019 19:44,9.9,58.3
11/10/2019 19:45,9.8,58.6
11/10/2019 19:46,9.8,58.9
11/10/2019 19:47,9.8,59
11/10/2019 19:48,9.7,59.2
11/10/2019 19:49,9.7,59.2
11/10/2019 19:50,9.6,59.3
11/10/2019 19:51,9.5,59.6
11/10/2019 19:52,9.5,59.8
11/10/2019 19:53,9.5,59.8
11/10/2019 19:54,9.4,60.1
11/10/2019 19:55,9.4,60.1
11/10/2019 19:56,9.4,60.1
11/10/2019 19:57,9.4,60.4
11/10/2019 19:58,9.3,60.5
11/10/2019 19:59,9.3,60.3
11/10/2019 20:00,9.3,60.4
11/10/2019 20:01,9.3,60.3
11/10/2019 20:02,9.3,60.6
11/10/2019 20:03,9.3,60.9
11/10/2019 20:04,9.2,60.9
11/10/2019 20:05,9.2,60.9
11/10/2019 20:06,9.1,60.7
11/10/2019 20:07,9.1,60.9
11/10/2019 20:08,9.1,61.1
11/10/2019 20:09,9.1,61.3
11/10/2019 20:10,9.1,61.3
11/10/2019 20:11,9.1,61.3
11/10/2019 20:12,9,61.3
11/10/2019 20:13,9,61.4
11/10/2019 20:14,9,61.5
11/10/2019 20:15,9,61.3
11/10/2019 20:16,8.9,61.6
11/10/2019 20:17,8.9,61.6
11/10/2019 20:18,8.8,61.8
11/10/2019 20:19,8.8,61.9
11/10/2019 20:20,8.8,61.9
11/10/2019 20:21,8.8,62
11/10/2019 20:22,8.7,62.3
11/10/2019 20:23,8.7,62.5
11/10/2019 20:24,8.7,62.4
11/10/2019 20:25,8.6,62.4
11/10/2019 20:26,8.6,62.4
11/10/2019 20:27,8.5,62.5
11/10/2019 20:28,8.5,62.6
11/10/2019 20:29,8.5,62.7
11/10/2019 20:30,8.5,62.6
11/10/2019 20:31,8.5,62.6
11/10/2019 20:32,8.5,62.9
11/10/2019 20:33,8.4,62.8
11/10/2019 20:34,8.4,63
11/10/2019 20:35,8.4,63.1
11/10/2019 20:36,8.4,63.1
11/10/2019 20:37,8.3,63.1
11/10/2019 20:38,8.3,63.3
11/10/2019 20:39,8.3,63.4
11/10/2019 20:40,8.3,63.2
11/10/2019 20:41,8.4,63.2
11/10/2019 20:42,8.3,63.3
11/10/2019 20:43,8.3,63.3
11/10/2019 20:44,8.3,63.4
11/10/2019 20:45,8.3,63.3
11/10/2019 20:46,8.3,63.4
11/10/2019 20:47,8.3,63.5
11/10/2019 20:48,8.3,63.3
11/10/2019 20:49,8.3,63.4
11/10/2019 20:50,8.2,63.5
11/10/2019 20:51,8.2,63.8
11/10/2019 20:52,8.2,63.7
11/10/2019 20:53,8.2,64
11/10/2019 20:54,8.1,64
11/10/2019 20:55,8,64.3
11/10/2019 20:56,8,64
11/10/2019 20:57,8,64.2
11/10/2019 20:58,7.9,64.3
11/10/2019 20:59,7.9,64.4
11/10/2019 21:00,7.9,64.4
11/10/2019 21:01,7.8,64.4
11/10/2019 21:02,7.7,65
11/10/2019 21:03,7.7,64.8
11/10/2019 21:04,7.7,65
11/10/2019 21:05,7.6,65.4
11/10/2019 21:06,7.6,65.7
11/10/2019 21:07,7.6,65.5
11/10/2019 21:08,7.5,65.6
11/10/2019 21:09,7.5,65.4
11/10/2019 21:10,7.5,65.6
11/10/2019 21:11,7.5,65.6
11/10/2019 21:12,7.5,65.6
11/10/2019 21:13,7.4,65.6
11/10/2019 21:14,7.4,65.6
11/10/2019 21:15,7.4,65.6
11/10/2019 21:16,7.4,65.7
11/10/2019 21:17,7.4,65.9
11/10/2019 21:18,7.4,65.7
11/10/2019 21:19,7.4,65.6
11/10/2019 21:20,7.5,65.7
11/10/2019 21:21,7.5,65.4
11/10/2019 21:22,7.4,65.6
11/10/2019 21:23,7.4,65.8
11/10/2019 21:24,7.4,66.1
11/10/2019 21:25,7.4,66
11/10/2019 21:26,7.3,66.1
11/10/2019 21:27,7.3,65.7
11/10/2019 21:28,7.3,65.9
11/10/2019 21:29,7.3,66.1
11/10/2019 21:30,7.3,66
11/10/2019 21:31,7.3,65.7
11/10/2019 21:32,7.3,66
11/10/2019 21:33,7.3,66.2
11/10/2019 21:34,7.3,66.2
11/10/2019 21:35,7.2,66.2
11/10/2019 21:36,7.1,66.4
11/10/2019 21:37,7.1,66.3
11/10/2019 21:38,7.1,66.3
11/10/2019 21:39,7,66.6
11/10/2019 21:40,7,66.8
11/10/2019 21:41,6.9,67
11/10/2019 21:42,6.9,66.9
11/10/2019 21:43,6.9,67
11/10/2019 21:44,6.9,67
11/10/2019 21:45,6.8,67
11/10/2019 21:46,6.9,66.9
11/10/2019 21:47,6.9,66.8
11/10/2019 21:48,6.8,67.2
11/10/2019 21:49,6.8,67.3
11/10/2019 21:50,6.7,67.4
11/10/2019 21:51,6.7,67.3
11/10/2019 21:52,6.7,67.5
11/10/2019 21:53,6.7,67.5
11/10/2019 21:54,6.7,67.9
11/10/2019 21:55,6.7,67.8
11/10/2019 21:56,6.7,67.7
11/10/2019 21:57,6.6,67.9
11/10/2019 21:58,6.6,68
11/10/2019 21:59,6.6,67.9
11/10/2019 22:00,6.6,68.2
11/10/2019 22:01,6.6,68.4
11/10/2019 22:02,6.6,68.4
11/10/2019 22:03,6.6,68.4
11/10/2019 22:04,6.6,68.3
11/10/2019 22:05,6.6,68
11/10/2019 22:06,6.5,68.3
11/10/2019 22:07,6.4,68.4
11/10/2019 22:08,6.4,68.8
11/10/2019 22:09,6.3,69.1
11/10/2019 22:10,6.3,68.4
11/10/2019 22:11,6.3,68.4
11/10/2019 22:12,6.3,69
11/10/2019 22:13,6.3,69.4
11/10/2019 22:14,6.3,69.2
11/10/2019 22:15,6.3,69.3
11/10/2019 22:16,6.2,69
11/10/2019 22:17,6.2,69
11/10/2019 22:18,6.2,69.2
11/10/2019 22:19,6.2,69.4
11/10/2019 22:20,6.1,69.2
11/10/2019 22:21,6.1,69.5
11/10/2019 22:22,6,69.5
11/10/2019 22:23,6,69.8
11/10/2019 22:24,6,70.2
11/10/2019 22:25,6,70.1
11/10/2019 22:26,6,70.4
11/10/2019 22:27,5.9,70.4
11/10/2019 22:28,5.9,70.3
11/10/2019 22:29,5.9,70.4
11/10/2019 22:30,5.9,70.6
11/10/2019 22:31,5.9,70.6
11/10/2019 22:32,6,70.8
11/10/2019 22:33,6,70.9
11/10/2019 22:34,5.9,70.8
11/10/2019 22:35,5.9,70.8
11/10/2019 22:36,6,71.2
11/10/2019 22:37,6,71.1
11/10/2019 22:38,6,71.2
11/10/2019 22:39,6,71.1
11/10/2019 22:40,6,71.4
11/10/2019 22:41,6,71.2
11/10/2019 22:42,6,71.1
11/10/2019 22:43,6.1,71.2
11/10/2019 22:44,6.1,71.2
11/10/2019 22:45,6.1,71.1
11/10/2019 22:46,6.1,71
11/10/2019 22:47,6.1,71
11/10/2019 22:48,6.1,71
11/10/2019 22:49,6.1,70.8
11/10/2019 22:50,6.1,70.5
11/10/2019 22:51,6.1,70.7
11/10/2019 22:52,6,70.6
11/10/2019 22:53,5.9,70.8
11/10/2019 22:54,5.9,70.5
11/10/2019 22:55,5.8,70.7
11/10/2019 22:56,5.8,71
11/10/2019 22:57,5.8,71
11/10/2019 22:58,5.8,71.1
11/10/2019 22:59,5.7,71.3
11/10/2019 23:00,5.7,71.4
11/10/2019 23:01,5.7,71.1
11/10/2019 23:02,5.7,71.5
11/10/2019 23:03,5.6,71.7
11/10/2019 23:04,5.6,72.3
11/10/2019 23:05,5.6,72
11/10/2019 23:06,5.6,71.9
11/10/2019 23:07,5.5,71.9
11/10/2019 23:08,5.5,72.4
11/10/2019 23:09,5.5,72.8
11/10/2019 23:10,5.5,72.7
11/10/2019 23:11,5.5,72.8
11/10/2019 23:12,5.5,72.9
11/10/2019 23:13,5.5,72.8
11/10/2019 23:14,5.5,72.6
11/10/2019 23:15,5.5,72.6
11/10/2019 23:16,5.5,73.1
11/10/2019 23:17,5.5,73
11/10/2019 23:18,5.5,72.9
11/10/2019 23:19,5.5,72.9
11/10/2019 23:20,5.4,73.1
11/10/2019 23:21,5.5,72.9
11/10/2019 23:22,5.4,72.9
11/10/2019 23:23,5.4,73.1
11/10/2019 23:24,5.3,73.4
11/10/2019 23:25,5.3,73.5
11/10/2019 23:26,5.3,73.4
11/10/2019 23:27,5.3,73.3
11/10/2019 23:28,5.3,73.2
11/10/2019 23:29,5.3,73.2
11/10/2019 23:30,5.3,73.4
11/10/2019 23:31,5.3,73.6
11/10/2019 23:32,5.3,73.4
11/10/2019 23:33,5.3,73.7
11/10/2019 23:34,5.2,73.8
11/10/2019 23:35,5.2,73.5
11/10/2019 23:36,5.2,73.4
11/10/2019 23:37,5.1,73.5
11/10/2019 23:38,5.1,73.9
11/10/2019 23:39,5.2,74
11/10/2019 23:40,5.2,73.8
11/10/2019 23:41,5.2,73.9
11/10/2019 23:42,5.2,74.3
11/10/2019 23:43,5.2,74.6
11/10/2019 23:44,5.3,74.8
11/10/2019 23:45,5.3,74.4
11/10/2019 23:46,5.3,74
11/10/2019 23:47,5.3,74.4
11/10/2019 23:48,5.3,74.6
11/10/2019 23:49,5.3,74.1
11/10/2019 23:50,5.2,74.1
11/10/2019 23:51,5.2,74
11/10/2019 23:52,5.2,74.5
11/10/2019 23:53,5.1,74.4
11/10/2019 23:54,5.1,74.8
11/10/2019 23:55,5.1,74.7
11/10/2019 23:56,5.1,74.9
11/10/2019 23:57,5.1,75
11/10/2019 23:58,5.1,75.1
11/10/2019 23:59,5.1,75
11/11/2019 00:00,5.1,75.3
11/11/2019 00:01,5.1,74.8
11/11/2019 00:02,5.1,74.8
11/11/2019 00:03,5,74.5
11/11/2019 00:04,5,75
11/11/2019 00:05,5,74.8
11/11/2019 00:06,4.9,75.2
11/11/2019 00:07,4.9,75.2
11/11/2019 00:08,4.9,75.3
11/11/2019 00:09,4.9,75.8
11/11/2019 00:10,5,76.2
11/11/2019 00:11,4.9,75.4
11/11/2019 00:12,4.8,75.5
11/11/2019 00:13,4.8,75.8
11/11/2019 00:14,4.8,76.1
11/11/2019 00:15,4.8,75.7
11/11/2019 00:16,4.8,75.4
11/11/2019 00:17,4.8,75.4
11/11/2019 00:18,4.8,76
11/11/2019 00:19,4.8,75.8
11/11/2019 00:20,4.8,76.1
11/11/2019 00:21,4.9,75.8
11/11/2019 00:22,4.7,74.7
11/11/2019 00:23,4.6,75.5
11/11/2019 00:24,4.6,75.5
11/11/2019 00:25,4.6,75.7
11/11/2019 00:26,4.7,76.3
11/11/2019 00:27,4.7,76.2
11/11/2019 00:28,4.8,76.3
11/11/2019 00:29,4.8,76.2
11/11/2019 00:30,4.7,76.2
11/11/2019 00:31,4.6,75.9
11/11/2019 00:32,4.6,75.9
11/11/2019 00:33,4.6,75.9
11/11/2019 00:34,4.6,76.2
11/11/2019 00:35,4.6,76.6
11/11/2019 00:36,4.7,76.8
11/11/2019 00:37,4.7,76.4
11/11/2019 00:38,4.7,76.4
11/11/2019 00:39,4.7,76.4
11/11/2019 00:40,4.6,76.4
11/11/2019 00:41,4.6,76.5
11/11/2019 00:42,4.6,77
11/11/2019 00:43,4.7,77
11/11/2019 00:44,4.7,76.7
11/11/2019 00:45,4.7,76.9
11/11/2019 00:46,4.6,76.5
11/11/2019 00:47,4.6,76.4
11/11/2019 00:48,4.6,76.4
11/11/2019 00:49,4.6,76.8
11/11/2019 00:50,4.6,77.2
11/11/2019 00:51,4.6,77.2
11/11/2019 00:52,4.6,77.1
11/11/2019 00:53,4.6,76.9
11/11/2019 00:54,4.6,76.8
11/11/2019 00:55,4.6,76.8
11/11/2019 00:56,4.6,77.1
11/11/2019 00:57,4.6,77.1
11/11/2019 00:58,4.6,77.2
11/11/2019 00:59,4.6,77.2
11/11/2019 01:00,4.5,77
11/11/2019 01:01,4.6,77.3
11/11/2019 01:02,4.6,77.2
11/11/2019 01:03,4.6,77.3
11/11/2019 01:04,4.6,77.3
11/11/2019 01:05,4.6,77.2
11/11/2019 01:06,4.7,77.1
11/11/2019 01:07,4.7,77
11/11/2019 01:08,4.7,77.3
11/11/2019 01:09,4.8,77.1
11/11/2019 01:10,4.8,77.1
11/11/2019 01:11,4.7,77.3
11/11/2019 01:12,4.7,77.1
11/11/2019 01:13,4.7,76.6
11/11/2019 01:14,4.6,76.3
11/11/2019 01:15,4.5,76.2
11/11/2019 01:16,4.5,76.6
11/11/2019 01:17,4.5,76.9
11/11/2019 01:18,4.5,77.1
11/11/2019 01:19,4.5,76.6
11/11/2019 01:20,4.4,76.6
11/11/2019 01:21,4.3,76.8
11/11/2019 01:22,4.4,77.5
11/11/2019 01:23,4.4,77.3
11/11/2019 01:24,4.4,77.6
11/11/2019 01:25,4.4,77.8
11/11/2019 01:26,4.4,77.1
11/11/2019 01:27,4.3,77.2
11/11/2019 01:28,4.3,77
11/11/2019 01:29,4.2,77.4
11/11/2019 01:30,4.2,77.6
11/11/2019 01:31,4.3,77.9
11/11/2019 01:32,4.3,77.9
11/11/2019 01:33,4.3,77.7
11/11/2019 01:34,4.4,77.6
11/11/2019 01:35,4.3,77.2
11/11/2019 01:36,4.3,77.6
11/11/2019 01:37,4.3,78.1
11/11/2019 01:38,4.3,77.9
11/11/2019 01:39,4.3,77.8
11/11/2019 01:40,4.3,77.7
11/11/2019 01:41,4.3,77.8
11/11/2019 01:42,4.3,77.9
11/11/2019 01:43,4.3,77.8
11/11/2019 01:44,4.3,77.9
11/11/2019 01:45,4.3,77.9
11/11/2019 01:46,4.3,77.9
1/11/2019 01:47,4.3,77.7
11/11/2019 01:48,4.3,77.8
11/11/2019 01:49,4.2,78
11/11/2019 01:50,4.3,78.2
11/11/2019 01:51,4.2,78.1
11/11/2019 01:52,4.2,78.1
11/11/2019 01:53,4.2,77.9
11/11/2019 01:54,4.2,77.9
11/11/2019 01:55,4.2,78.4
11/11/2019 01:56,4.2,78.3
11/11/2019 01:57,4.2,78.3
11/11/2019 01:58,4.2,78.5
11/11/2019 01:59,4.2,78.5
11/11/2019 02:00,4.1,78.7
11/11/2019 02:01,4.2,78.6
11/11/2019 02:02,4.2,78.4
11/11/2019 02:03,4.2,78.3
11/11/2019 02:04,4.1,78.6
11/11/2019 02:05,4.2,78.6
11/11/2019 02:06,4.2,78.4
11/11/2019 02:07,4.2,78.1
11/11/2019 02:08,4.2,78.2
11/11/2019 02:09,4.2,78.7
11/11/2019 02:10,4.2,78.2
11/11/2019 02:11,4.2,78.1
11/11/2019 02:12,4.2,78
11/11/2019 02:13,4.2,78.1
11/11/2019 02:14,4.2,78.2
11/11/2019 02:15,4.2,78.2
11/11/2019 02:16,4.2,78.4
11/11/2019 02:17,4.1,78.3
11/11/2019 02:18,4.1,78.3
11/11/2019 02:19,4.1,78.5
11/11/2019 02:20,4.1,78.6
11/11/2019 02:21,4,78.5
11/11/2019 02:22,4,78.9
11/11/2019 02:23,4,78.9
11/11/2019 02:24,4,78.6
11/11/2019 02:25,3.9,78.7
11/11/2019 02:26,3.9,78.8
11/11/2019 02:27,3.9,78.9
11/11/2019 02:28,3.9,78.8
11/11/2019 02:29,3.9,79.1
11/11/2019 02:30,3.9,79.1
11/11/2019 02:31,3.9,79.2
11/11/2019 02:32,3.9,79.1
11/11/2019 02:33,3.9,79.2
11/11/2019 02:34,3.9,79.2
11/11/2019 02:35,3.8,79.1
11/11/2019 02:36,3.8,79.4
11/11/2019 02:37,3.9,79.1
11/11/2019 02:38,3.9,79.4
11/11/2019 02:39,4,79.3
11/11/2019 02:40,3.9,79.3
11/11/2019 02:41,3.9,79
11/11/2019 02:42,4,79
11/11/2019 02:43,4,79.1
11/11/2019 02:44,4,78.8
11/11/2019 02:45,4,78.8
11/11/2019 02:46,4,78.5
11/11/2019 02:47,4.1,78.6
11/11/2019 02:48,4.1,78.7
11/11/2019 02:49,4.1,78.5
11/11/2019 02:50,4.2,78.5
11/11/2019 02:51,4.2,78.4
11/11/2019 02:52,4.2,78.4
11/11/2019 02:53,4.2,78.2
11/11/2019 02:54,4.2,78.1
11/11/2019 02:55,4.3,77.9
11/11/2019 02:56,4.3,77.9
11/11/2019 02:57,4.3,77.8
11/11/2019 02:58,4.4,77.7
11/11/2019 02:59,4.4,77.6
11/11/2019 03:00,4.4,77.4
11/11/2019 03:01,4.4,77.4
11/11/2019 03:02,4.5,77.3
11/11/2019 03:03,4.5,77.2
11/11/2019 03:04,4.5,76.9
11/11/2019 03:05,4.6,76.8
11/11/2019 03:06,4.6,76.7
11/11/2019 03:07,4.7,76.5
11/11/2019 03:08,4.7,76.5
11/11/2019 03:09,4.7,76.2
11/11/2019 03:10,4.8,76.1
11/11/2019 03:11,4.8,75.9
11/11/2019 03:12,4.8,76
11/11/2019 03:13,4.8,75.8
11/11/2019 03:14,4.9,75.4
11/11/2019 03:15,5,75
11/11/2019 03:16,5,75
11/11/2019 03:17,5,74.7
11/11/2019 03:18,5,74.8
11/11/2019 03:19,5,74.9
11/11/2019 03:20,4.9,74.9
11/11/2019 03:21,4.9,75
11/11/2019 03:22,4.9,75.2
11/11/2019 03:23,4.8,75.1
11/11/2019 03:24,4.8,75.3
11/11/2019 03:25,4.8,75.4
11/11/2019 03:26,4.7,75.7
11/11/2019 03:27,4.7,75.6
11/11/2019 03:28,4.7,75.5
11/11/2019 03:29,4.7,75.3
11/11/2019 03:30,4.8,75.1
11/11/2019 03:31,4.8,75.2
11/11/2019 03:32,4.8,75
11/11/2019 03:33,4.8,75
11/11/2019 03:34,4.8,75.1
11/11/2019 03:35,4.8,75.1
11/11/2019 03:36,4.8,74.9
11/11/2019 03:37,4.8,75
11/11/2019 03:38,4.8,74.8
11/11/2019 03:39,4.8,74.8
11/11/2019 03:40,4.8,74.8
11/11/2019 03:41,4.8,74.7
11/11/2019 03:42,4.8,74.6
11/11/2019 03:43,4.8,74.5
11/11/2019 03:44,4.8,74.4
11/11/2019 03:45,4.9,74.2
11/11/2019 03:46,4.9,74.2
11/11/2019 03:47,4.9,74.1
11/11/2019 03:48,4.9,74.2
11/11/2019 03:49,4.8,74.1
11/11/2019 03:50,4.9,74
11/11/2019 03:51,4.8,74.2
11/11/2019 03:52,4.8,74.4
11/11/2019 03:53,4.8,74.4
11/11/2019 03:54,4.7,74.2
11/11/2019 03:55,4.6,74.4
11/11/2019 03:56,4.6,74.6
11/11/2019 03:57,4.7,74.6
11/11/2019 03:58,4.7,74.6
11/11/2019 03:59,4.7,74.9
11/11/2019 04:00,4.6,75.1
11/11/2019 04:01,4.6,75.1
11/11/2019 04:02,4.5,75.2
11/11/2019 04:03,4.5,75.4
11/11/2019 04:04,4.4,75.5
11/11/2019 04:05,4.4,75.6
11/11/2019 04:06,4.4,75.7
11/11/2019 04:07,4.4,75.8
11/11/2019 04:08,4.4,75.7
11/11/2019 04:09,4.4,75.8
11/11/2019 04:10,4.4,75.8
11/11/2019 04:11,4.4,75.7
11/11/2019 04:12,4.3,75.6
11/11/2019 04:13,4.3,75.8
11/11/2019 04:14,4.3,75.9
11/11/2019 04:15,4.3,76.3
11/11/2019 04:16,4.3,76.3
11/11/2019 04:17,4.3,76.4
11/11/2019 04:18,4.3,76.4
11/11/2019 04:19,4.3,76.4
11/11/2019 04:20,4.3,76.5
11/11/2019 04:21,4.3,76.6
11/11/2019 04:22,4.3,76.8
11/11/2019 04:23,4.2,76.6
11/11/2019 04:24,4.2,76.9
11/11/2019 04:25,4.2,77
11/11/2019 04:26,4.2,76.9
11/11/2019 04:27,4.2,77
11/11/2019 04:28,4.2,76.9
11/11/2019 04:29,4.2,76.9
11/11/2019 04:30,4.2,76.8
11/11/2019 04:31,4.2,77
11/11/2019 04:32,4.2,76.8
11/11/2019 04:33,4.2,76.9
11/11/2019 04:34,4.2,76.9
11/11/2019 04:35,4.2,76.7
11/11/2019 04:36,4.2,76.6
11/11/2019 04:37,4.1,76.7
11/11/2019 04:38,4.1,76.8
11/11/2019 04:39,4.1,76.7
11/11/2019 04:40,4.1,76.9
11/11/2019 04:41,4.1,76.7
11/11/2019 04:42,4.1,77.1
11/11/2019 04:43,4.1,77.3
11/11/2019 04:44,4.1,77
11/11/2019 04:45,4,76.9
11/11/2019 04:46,4,77.4
11/11/2019 04:47,4,77.2
11/11/2019 04:48,4,77.4
11/11/2019 04:49,4.1,77.3
11/11/2019 04:50,4.1,77.3
11/11/2019 04:51,4.1,77.3
11/11/2019 04:52,4.1,77.4
11/11/2019 04:53,4.1,77.4
11/11/2019 04:54,4.1,77.4
11/11/2019 04:55,4.1,77.3
11/11/2019 04:56,4.1,77.4
11/11/2019 04:57,4,77.5
11/11/2019 04:58,4,77.5
11/11/2019 04:59,4,77.5
11/11/2019 05:00,4,77.5
11/11/2019 05:01,4,77.4
11/11/2019 05:02,4,77.3
11/11/2019 05:03,4,77.2
11/11/2019 05:04,4,77.3
11/11/2019 05:05,4,77.3
11/11/2019 05:06,4,77.4
11/11/2019 05:07,4.1,77.6
11/11/2019 05:08,4.1,77.4
11/11/2019 05:09,4.1,77.3
11/11/2019 05:10,4.1,77.3
11/11/2019 05:11,4.1,77.3
11/11/2019 05:12,4,77.4
11/11/2019 05:13,4,77.6
11/11/2019 05:14,4,77.7
11/11/2019 05:15,4,77.6
11/11/2019 05:16,4,77.6
11/11/2019 05:17,4.1,77.8
11/11/2019 05:18,4.2,77.7
11/11/2019 05:19,4.2,77.5
11/11/2019 05:20,4.1,77.4
11/11/2019 05:21,4.1,77.6
11/11/2019 05:22,4.1,77.5
11/11/2019 05:23,4,77.5
11/11/2019 05:24,4,77.6
11/11/2019 05:25,4,77.6
11/11/2019 05:26,3.9,77.7
11/11/2019 05:27,3.9,77.8
11/11/2019 05:28,3.8,78.1
11/11/2019 05:29,3.8,78.3
11/11/2019 05:30,3.9,78.5
11/11/2019 05:31,3.9,78.4
11/11/2019 05:32,3.9,78.5
11/11/2019 05:33,3.9,78.6
11/11/2019 05:34,3.9,78.7
11/11/2019 05:35,3.9,78.5
11/11/2019 05:36,3.9,78.8
11/11/2019 05:37,3.9,78.7
11/11/2019 05:38,3.9,78.9
11/11/2019 05:39,3.8,79.1
11/11/2019 05:40,3.8,79
11/11/2019 05:41,3.8,79.1
11/11/2019 05:42,3.8,79.1
11/11/2019 05:43,3.9,79
11/11/2019 05:44,3.9,79
11/11/2019 05:45,3.9,79
11/11/2019 05:46,3.9,79
11/11/2019 05:47,3.9,79.1
11/11/2019 05:48,3.9,79
11/11/2019 05:49,3.9,79.2
11/11/2019 05:50,3.9,79.3
11/11/2019 05:51,3.9,79.2
11/11/2019 05:52,3.9,79.2
11/11/2019 05:53,4,79.2
11/11/2019 05:54,4,79.2
11/11/2019 05:55,4.1,78.9
11/11/2019 05:56,4.1,78.7
11/11/2019 05:57,4.1,78.9
11/11/2019 05:58,4.2,78.8
11/11/2019 05:59,4.2,78.8
11/11/2019 06:00,4.2,78.8
11/11/2019 06:01,4.2,78.8
11/11/2019 06:02,4.2,78.9
11/11/2019 06:03,4.2,78.7
11/11/2019 06:04,4.3,78.7
11/11/2019 06:05,4.3,78.6
11/11/2019 06:06,4.3,78.5
11/11/2019 06:07,4.2,78.5
11/11/2019 06:08,4.2,78.5
11/11/2019 06:09,4.2,78.6
11/11/2019 06:10,4.2,78.9
11/11/2019 06:11,4.2,78.9
11/11/2019 06:12,4.2,78.8
11/11/2019 06:13,4.2,78.9
11/11/2019 06:14,4.2,79
11/11/2019 06:15,4.2,79
11/11/2019 06:16,4.2,78.9
11/11/2019 06:17,4.2,79
11/11/2019 06:18,4.2,79.1
11/11/2019 06:19,4.2,79
11/11/2019 06:20,4.1,79.1
11/11/2019 06:21,4.1,79.1
11/11/2019 06:22,4.1,79.3
11/11/2019 06:23,4.1,79.4
11/11/2019 06:24,4.1,79.5
11/11/2019 06:25,4.1,79.4
11/11/2019 06:26,4.1,79.4
11/11/2019 06:27,4.1,79.4
11/11/2019 06:28,4.1,79.4
11/11/2019 06:29,4.1,79.5
11/11/2019 06:30,4.1,79.4
11/11/2019 06:31,4.2,79.4
11/11/2019 06:32,4.2,79.5
11/11/2019 06:33,4.2,79.3
11/11/2019 06:34,4.1,79.4
11/11/2019 06:35,4.2,79.3
11/11/2019 06:36,4.2,79.2
11/11/2019 06:37,4.2,79.1
11/11/2019 06:38,4.2,79
11/11/2019 06:39,4.3,79.2
11/11/2019 06:40,4.3,79
11/11/2019 06:41,4.3,78.9
11/11/2019 06:42,4.3,78.8
11/11/2019 06:43,4.3,78.9
11/11/2019 06:44,4.4,78.6
11/11/2019 06:45,4.4,78.8
11/11/2019 06:46,4.4,78.6
11/11/2019 06:47,4.4,78.7
11/11/2019 06:48,4.5,78.7
11/11/2019 06:49,4.4,78.6
11/11/2019 06:50,4.4,78.7
11/11/2019 06:51,4.4,78.8
11/11/2019 06:52,4.4,78.8
11/11/2019 06:53,4.4,78.6
11/11/2019 06:54,4.3,78.7
11/11/2019 06:55,4.3,78.5
11/11/2019 06:56,4.2,78.6
11/11/2019 06:57,4.2,79
11/11/2019 06:58,4.2,79.2
11/11/2019 06:59,4.3,79.2
11/11/2019 07:00,4.2,79.2
11/11/2019 07:01,4.3,79.4
11/11/2019 07:02,4.3,79.4
11/11/2019 07:03,4.4,79.2
11/11/2019 07:04,4.4,79
11/11/2019 07:05,4.5,79
11/11/2019 07:06,4.5,78.9
11/11/2019 07:07,4.5,78.6
11/11/2019 07:08,4.6,78.5
11/11/2019 07:09,4.6,78.5
11/11/2019 07:10,4.6,78.3
11/11/2019 07:11,4.6,78.1
11/11/2019 07:12,4.5,77.9
11/11/2019 07:13,4.4,78.2
11/11/2019 07:14,4.3,78.3
11/11/2019 07:15,4.3,78.4
11/11/2019 07:16,4.3,78.5
11/11/2019 07:17,4.3,78.6
11/11/2019 07:18,4.3,78.7
11/11/2019 07:19,4.3,78.8
11/11/2019 07:20,4.3,78.7
11/11/2019 07:21,4.3,78.9
11/11/2019 07:22,4.3,79
11/11/2019 07:23,4.3,78.9
11/11/2019 07:24,4.3,78.9
11/11/2019 07:25,4.2,79
11/11/2019 07:26,4.2,79.2
11/11/2019 07:27,4.2,79.4
11/11/2019 07:28,4.2,79.3
11/11/2019 07:29,4.2,79.4
11/11/2019 07:30,4.2,79.5
11/11/2019 07:31,4.1,79.5
11/11/2019 07:32,4.1,79.6
11/11/2019 07:33,4.1,79.5
11/11/2019 07:34,4.2,79.7
11/11/2019 07:35,4.1,79.6
11/11/2019 07:36,4.1,79.9
11/11/2019 07:37,4.2,80
11/11/2019 07:38,4.2,80
11/11/2019 07:39,4.2,80.1
11/11/2019 07:40,4.2,80.2
11/11/2019 07:41,4.3,80.3
11/11/2019 07:42,4.3,80.3
11/11/2019 07:43,4.3,80.4
11/11/2019 07:44,4.3,80.3
11/11/2019 07:45,4.3,80.2
11/11/2019 07:46,4.4,80.2
11/11/2019 07:47,4.4,80.2
11/11/2019 07:48,4.4,80.2
11/11/2019 07:49,4.5,80.1
11/11/2019 07:50,4.5,80.1
11/11/2019 07:51,4.5,80.1
11/11/2019 07:52,4.5,80.1
11/11/2019 07:53,4.6,80.1
11/11/2019 07:54,4.6,80.2
11/11/2019 07:55,4.6,80.1
11/11/2019 07:56,4.6,80.1
11/11/2019 07:57,4.7,79.9
11/11/2019 07:58,4.8,79.7
11/11/2019 07:59,4.8,79.6
11/11/2019 08:00,4.8,79.6
11/11/2019 08:01,4.9,79.5
11/11/2019 08:02,4.9,79.2
11/11/2019 08:03,4.9,79.3
11/11/2019 08:04,5,79.5
11/11/2019 08:05,5,80.3
11/11/2019 08:06,5,80.5
11/11/2019 08:07,5,80.8
11/11/2019 08:08,5,80.9
11/11/2019 08:09,5,80.8
11/11/2019 08:10,5.1,80.6
11/11/2019 08:11,5.1,80.8
11/11/2019 08:12,5.2,81.1
11/11/2019 08:13,5.2,81.1
11/11/2019 08:14,5.2,80.4
11/11/2019 08:15,5.2,80.3
11/11/2019 08:16,5.2,80.3
11/11/2019 08:17,5.3,80.8
11/11/2019 08:18,5.3,80.7
11/11/2019 08:19,5.3,80.7
11/11/2019 08:20,5.3,80.6
11/11/2019 08:21,5.3,80.7
11/11/2019 08:22,5.3,80.6
11/11/2019 08:23,5.4,80.6
11/11/2019 08:24,5.4,80.8
11/11/2019 08:25,5.4,80.3
11/11/2019 08:26,5.5,79.9
11/11/2019 08:27,5.5,80.1
11/11/2019 08:28,5.5,80.2
11/11/2019 08:29,5.6,80.1
11/11/2019 08:30,5.6,80.1
11/11/2019 08:31,5.6,80.3
11/11/2019 08:32,5.7,80.4
11/11/2019 08:33,5.7,80.6
11/11/2019 08:34,5.7,80.8
11/11/2019 08:35,5.8,80.9
11/11/2019 08:36,5.8,80.5
11/11/2019 08:37,5.9,80.2
11/11/2019 08:38,5.9,80
11/11/2019 08:39,6,80.1
11/11/2019 08:40,6,79.9
11/11/2019 08:41,6.1,80.1
11/11/2019 08:42,6.1,79.6
11/11/2019 08:43,6.2,79.7
11/11/2019 08:44,6.2,79.7
11/11/2019 08:45,6.3,79.5
11/11/2019 08:46,6.3,79.3
11/11/2019 08:47,6.3,79.4
11/11/2019 08:48,6.4,80
11/11/2019 08:49,6.4,79.6
11/11/2019 08:50,6.5,79.8
11/11/2019 08:51,6.5,79.6
11/11/2019 08:52,6.5,79.8
11/11/2019 08:53,6.6,79.3
11/11/2019 08:54,6.7,78.8
11/11/2019 08:55,6.7,78.8
11/11/2019 08:56,6.7,79.2
11/11/2019 08:57,6.8,79.2
11/11/2019 08:58,6.8,79.6
11/11/2019 08:59,6.9,79.6
11/11/2019 09:00,6.9,79.7
11/11/2019 09:01,7,79.5
11/11/2019 09:02,7,79.9
11/11/2019 09:03,7.1,79.8
11/11/2019 09:04,7.1,79.8
11/11/2019 09:05,7.2,79.5
11/11/2019 09:06,7.2,79.2
11/11/2019 09:07,7.3,79.4
11/11/2019 09:08,7.3,78.9
11/11/2019 09:09,7.3,78.6
11/11/2019 09:10,7.4,78.6
11/11/2019 09:11,7.4,78.6
11/11/2019 09:12,7.5,78.8
11/11/2019 09:13,7.5,78.4
11/11/2019 09:14,7.6,78.2
11/11/2019 09:15,7.6,78.7
11/11/2019 09:16,7.7,78.9
11/11/2019 09:17,7.7,78.8
11/11/2019 09:18,7.7,78.8
11/11/2019 09:19,7.8,78.3
11/11/2019 09:20,7.8,78.1
11/11/2019 09:21,7.9,77.9
11/11/2019 09:22,8,78.1
11/11/2019 09:23,8.1,77.9
11/11/2019 09:24,8.1,78.3
11/11/2019 09:25,8.1,77.9
11/11/2019 09:26,8.2,78.4
11/11/2019 09:27,8.3,77.5
11/11/2019 09:28,8.3,77.7
11/11/2019 09:29,8.4,77
11/11/2019 09:30,8.5,76.4
11/11/2019 09:31,8.5,76.3
11/11/2019 09:32,8.6,76.9
11/11/2019 09:33,8.6,76.9
11/11/2019 09:34,8.7,76.5
11/11/2019 09:35,8.7,75.7
11/11/2019 09:36,8.8,75.6
11/11/2019 09:37,8.8,75.6
11/11/2019 09:38,8.8,75.7
11/11/2019 09:39,8.9,75.7
11/11/2019 09:40,8.9,75.6
11/11/2019 09:41,9,75.1
11/11/2019 09:42,9,74.7
11/11/2019 09:43,9.1,74.9
11/11/2019 09:44,9.1,74.5
11/11/2019 09:45,9.1,73.8
11/11/2019 09:46,9.2,73.6
11/11/2019 09:47,9.3,73.6
11/11/2019 09:48,9.3,73.9
11/11/2019 09:49,9.4,73.3
11/11/2019 09:50,9.5,73.2
11/11/2019 09:51,9.6,73.5
11/11/2019 09:52,9.6,73.1
11/11/2019 09:53,9.7,73.3
11/11/2019 09:54,9.7,72.8
11/11/2019 09:55,9.8,72.7
11/11/2019 09:56,9.9,73.7
11/11/2019 09:57,10,73.5
11/11/2019 09:58,10,73.3
11/11/2019 09:59,10.1,72.9
11/11/2019 10:00,10.2,72.7
11/11/2019 10:01,10.3,72.4
11/11/2019 10:02,10.3,72.8
11/11/2019 10:03,10.4,72.4
11/11/2019 10:04,10.5,71.9
11/11/2019 10:05,10.6,73.4
11/11/2019 10:06,10.7,74
11/11/2019 10:07,10.8,74
11/11/2019 10:08,10.9,74.4
11/11/2019 10:09,10.9,74.2
11/11/2019 10:10,11,73.9
11/11/2019 10:11,11.1,73.7
11/11/2019 10:12,11.1,73.8
11/11/2019 10:13,11.2,73.8
11/11/2019 10:14,11.3,73.4
11/11/2019 10:15,11.3,73.6
11/11/2019 10:16,11.3,73.6
11/11/2019 10:17,11.3,73
11/11/2019 10:18,11.4,71.9
11/11/2019 10:19,11.4,71.6
11/11/2019 10:20,11.5,71.2
11/11/2019 10:21,11.6,71.1
11/11/2019 10:22,11.7,70.6
11/11/2019 10:23,11.7,70.6
11/11/2019 10:24,11.8,70
11/11/2019 10:25,11.8,69.6
11/11/2019 10:26,11.9,69.4
11/11/2019 10:27,12,69.2
11/11/2019 10:28,12,68.7
11/11/2019 10:29,12.1,68
11/11/2019 10:30,12.2,67.3
11/11/2019 10:31,12.3,67.2
11/11/2019 10:32,12.3,66.5
11/11/2019 10:33,12.3,66.6
11/11/2019 10:34,12.4,66.5
11/11/2019 10:35,12.5,66.1
11/11/2019 10:36,12.5,65.2
11/11/2019 10:37,12.5,64.5
11/11/2019 10:38,12.6,63.5
11/11/2019 10:39,12.7,63
11/11/2019 10:40,12.7,61.8
11/11/2019 10:41,12.8,62
11/11/2019 10:42,12.8,61.1
11/11/2019 10:43,12.9,60.7
11/11/2019 10:44,12.9,60.4
11/11/2019 10:45,12.9,60
11/11/2019 10:46,13,58.8
11/11/2019 10:47,12.9,58.2
11/11/2019 10:48,12.9,58
11/11/2019 10:49,12.9,58.1
11/11/2019 10:50,12.8,59.4
11/11/2019 10:51,12.9,59.3
11/11/2019 10:52,12.9,59.3
11/11/2019 10:53,13,59.5
11/11/2019 10:54,12.9,59.2
11/11/2019 10:55,12.9,59.1
11/11/2019 10:56,13,59.4
11/11/2019 10:57,13.1,58.3
11/11/2019 10:58,13.2,58.7
11/11/2019 10:59,13.2,58.8
11/11/2019 11:00,13.3,58.9
11/11/2019 11:01,13.3,58.7
11/11/2019 11:02,13.3,58.6
11/11/2019 11:03,13.3,59
11/11/2019 11:04,13.3,58.9
11/11/2019 11:05,13.4,58.6
11/11/2019 11:06,13.5,58.9
11/11/2019 11:07,13.6,58.5
11/11/2019 11:08,13.7,57.7
11/11/2019 11:09,13.8,57.7
11/11/2019 11:10,13.8,57.1
11/11/2019 11:11,13.8,56
11/11/2019 11:12,13.8,56.4
11/11/2019 11:13,13.9,54.5
11/11/2019 11:14,13.9,54.4
11/11/2019 11:15,14,53.9
11/11/2019 11:16,14,53.9
11/11/2019 11:17,14,54.3
11/11/2019 11:18,14,54.3
11/11/2019 11:19,14.1,54.5
11/11/2019 11:20,14.1,54
11/11/2019 11:21,14.1,54
11/11/2019 11:22,14.2,54.7
11/11/2019 11:23,14.3,54.2
11/11/2019 11:24,14.4,53.6
11/11/2019 11:25,14.5,53.8
11/11/2019 11:26,14.5,53.8
11/11/2019 11:27,14.6,54.7
11/11/2019 11:28,14.6,53.7
11/11/2019 11:29,14.7,53.4
11/11/2019 11:30,14.8,53.5
11/11/2019 11:31,14.9,51.9
11/11/2019 11:32,14.9,51.9
11/11/2019 11:33,15,52.6
11/11/2019 11:34,15.1,52.5
11/11/2019 11:35,15.1,51.6
11/11/2019 11:36,15.1,50.6
11/11/2019 11:37,15.2,51.5
11/11/2019 11:38,15.3,51.2
11/11/2019 11:39,15.3,51.6
11/11/2019 11:40,15.3,51.4
11/11/2019 11:41,15.2,50.8
11/11/2019 11:42,15.3,51.1
11/11/2019 11:43,15.3,50.2
11/11/2019 11:44,15.3,49.9
11/11/2019 11:45,15.4,49.5
11/11/2019 11:46,15.4,49.5
11/11/2019 11:47,15.5,50
11/11/2019 11:48,15.6,49.6
11/11/2019 11:49,15.7,49.1
11/11/2019 11:50,15.7,49.7
11/11/2019 11:51,15.7,49.6
11/11/2019 11:52,15.8,49.4
11/11/2019 11:53,15.8,48.7
11/11/2019 11:54,15.8,48.9
11/11/2019 11:55,15.9,49
11/11/2019 11:56,15.9,49.1
11/11/2019 11:57,15.9,49.2
11/11/2019 11:58,16,49.3
11/11/2019 11:59,16,49.6
11/11/2019 12:00,16,49.4
11/11/2019 12:01,16,49.3
11/11/2019 12:02,16.1,49.1
11/11/2019 12:03,16.2,48.6
11/11/2019 12:04,16.2,47.9
11/11/2019 12:05,16.2,48.3
11/11/2019 12:06,16.3,48.2
11/11/2019 12:07,16.3,47.7
11/11/2019 12:08,16.3,47.2
11/11/2019 12:09,16.3,47.5
11/11/2019 12:10,16.4,47.5
11/11/2019 12:11,16.4,47.3
11/11/2019 12:12,16.4,48
11/11/2019 12:13,16.4,47.9
11/11/2019 12:14,16.4,48.6
11/11/2019 12:15,16.5,48.6
11/11/2019 12:16,16.6,48.5
11/11/2019 12:17,16.7,47.5
11/11/2019 12:18,16.8,47.8
11/11/2019 12:19,16.8,47
11/11/2019 12:20,16.8,47.2
11/11/2019 12:21,16.8,47.3
11/11/2019 12:22,16.8,47
11/11/2019 12:23,16.9,46.9
11/11/2019 12:24,16.9,46.9
11/11/2019 12:25,17,47.5
11/11/2019 12:26,17,47.6
11/11/2019 12:27,17,47.3
11/11/2019 12:28,17,47
11/11/2019 12:29,17.1,46.9
11/11/2019 12:30,17.2,47.6
11/11/2019 12:31,17.2,47.2
11/11/2019 12:32,17.2,47.1
11/11/2019 12:33,17.1,47.1
11/11/2019 12:34,17.2,47.3
11/11/2019 12:35,17.2,47
11/11/2019 12:36,17.2,46.9
11/11/2019 12:37,17.3,47.1
11/11/2019 12:38,17.3,47.3
11/11/2019 12:39,17.3,46.7
11/11/2019 12:40,17.3,46.6
11/11/2019 12:41,17.4,45.9
11/11/2019 12:42,17.4,46.5
11/11/2019 12:43,17.5,45.9
11/11/2019 12:44,17.5,46
11/11/2019 12:45,17.5,45.5
11/11/2019 12:46,17.6,45.9
11/11/2019 12:47,17.6,46
11/11/2019 12:48,17.6,45.6
11/11/2019 12:49,17.6,45.9
11/11/2019 12:50,17.7,46
11/11/2019 12:51,17.8,46
11/11/2019 12:52,17.7,46.4
11/11/2019 12:53,17.8,46.4
11/11/2019 12:54,17.8,45.2
11/11/2019 12:55,17.8,44.6
11/11/2019 12:56,17.8,45
11/11/2019 12:57,17.8,45.5
11/11/2019 12:58,17.9,45.1
11/11/2019 12:59,17.9,45.1
11/11/2019 13:00,17.9,44.4
11/11/2019 13:01,17.9,44.2
11/11/2019 13:02,17.9,43.6
11/11/2019 13:03,17.8,43.8
11/11/2019 13:04,17.8,43.8
11/11/2019 13:05,17.8,44.1
11/11/2019 13:06,17.8,44.6
11/11/2019 13:07,17.9,44.5
11/11/2019 13:08,17.9,44.8
11/11/2019 13:09,17.9,44.7
11/11/2019 13:10,18,44.9
11/11/2019 13:11,18,44.3
11/11/2019 13:12,18,44.5
11/11/2019 13:13,18,44.2
11/11/2019 13:14,18,44.3
11/11/2019 13:15,18.1,44.1
11/11/2019 13:16,18.1,44.1
11/11/2019 13:17,18,44.3
11/11/2019 13:18,18.1,44.3
11/11/2019 13:19,18.1,44.4
11/11/2019 13:20,18.2,43.8
11/11/2019 13:21,18.2,44.1
11/11/2019 13:22,18.2,44.2
11/11/2019 13:23,18.2,44.1
11/11/2019 13:24,18.2,44
11/11/2019 13:25,18.2,44
11/11/2019 13:26,18.3,44
11/11/2019 13:27,18.3,43.7
11/11/2019 13:28,18.3,44.1
11/11/2019 13:29,18.3,43.9
11/11/2019 13:30,18.3,43.8
11/11/2019 13:31,18.3,44.1
11/11/2019 13:32,18.3,44.3
11/11/2019 13:33,18.3,44.6
11/11/2019 13:34,18.4,44.5
11/11/2019 13:35,18.4,44.3
11/11/2019 13:36,18.5,44.2
11/11/2019 13:37,18.5,43.7
11/11/2019 13:38,18.4,43.7
11/11/2019 13:39,18.4,43.8
11/11/2019 13:40,18.4,43.8
11/11/2019 13:41,18.4,43.5
11/11/2019 13:42,18.4,43.5
11/11/2019 13:43,18.4,44
11/11/2019 13:44,18.4,44
11/11/2019 13:45,18.4,44.1
11/11/2019 13:46,18.5,44.4
11/11/2019 13:47,18.5,44
11/11/2019 13:48,18.5,44
11/11/2019 13:49,18.5,43.9
11/11/2019 13:50,18.6,43.9
11/11/2019 13:51,18.6,44
11/11/2019 13:52,18.6,43.9
11/11/2019 13:53,18.6,44.2
11/11/2019 13:54,18.7,44.4
11/11/2019 13:55,18.7,44.2
11/11/2019 13:56,18.7,44.3
11/11/2019 13:57,18.8,43.9
11/11/2019 13:58,18.8,43.9
11/11/2019 13:59,18.8,43.7
11/11/2019 14:00,18.8,42.7
11/11/2019 14:01,18.8,42.8
11/11/2019 14:02,18.8,43
11/11/2019 14:03,18.8,43
11/11/2019 14:04,18.8,42.9
11/11/2019 14:05,18.9,42.8
11/11/2019 14:06,18.9,42.4
11/11/2019 14:07,18.9,42.8
11/11/2019 14:08,18.9,42.6
11/11/2019 14:09,19,42.3
11/11/2019 14:10,19,42.3
11/11/2019 14:11,19,42.8
11/11/2019 14:12,19,42.5
11/11/2019 14:13,19,41.7
11/11/2019 14:14,19.1,42
11/11/2019 14:15,19.1,41.9
11/11/2019 14:16,19.1,41.9
11/11/2019 14:17,19.1,41.8
11/11/2019 14:18,19.2,41.3
11/11/2019 14:19,19.2,40.9
11/11/2019 14:20,19.2,40.9
11/11/2019 14:21,19.2,41.6
11/11/2019 14:22,19.2,41.6
11/11/2019 14:23,19.2,40.2
11/11/2019 14:24,19.2,40.6
11/11/2019 14:25,19.3,41.1
11/11/2019 14:26,19.3,41.1
11/11/2019 14:27,19.3,40.7
11/11/2019 14:28,19.3,41.1
11/11/2019 14:29,19.3,40.7
11/11/2019 14:30,19.3,40.5
11/11/2019 14:31,19.3,40.2
11/11/2019 14:32,19.3,40.2
11/11/2019 14:33,19.3,39.7
11/11/2019 14:34,19.3,39.9
11/11/2019 14:35,19.3,39.3
11/11/2019 14:36,19.3,39.7
11/11/2019 14:37,19.3,39.7
11/11/2019 14:38,19.4,39.9
11/11/2019 14:39,19.4,39.1
11/11/2019 14:40,19.4,38.7
11/11/2019 14:41,19.4,39.1
11/11/2019 14:42,19.4,38
11/11/2019 14:43,19.4,38.3
11/11/2019 14:44,19.4,37.6
11/11/2019 14:45,19.4,37.3
11/11/2019 14:46,19.3,37.2
11/11/2019 14:47,19.4,37.1
11/11/2019 14:48,19.3,37.2
11/11/2019 14:49,19.4,37.4
11/11/2019 14:50,19.3,37.5
11/11/2019 14:51,19.3,37.4
11/11/2019 14:52,19.4,37.3
11/11/2019 14:53,19.4,37.3
11/11/2019 14:54,19.4,36.4
11/11/2019 14:55,19.3,37.1
11/11/2019 14:56,19.3,37.1
11/11/2019 14:57,19.3,36.8
11/11/2019 14:58,19.3,37.1
11/11/2019 14:59,19.3,36.5
11/11/2019 15:00,19.3,36.3
11/11/2019 15:01,19.3,36.6
11/11/2019 15:02,19.3,36.1
11/11/2019 15:03,19.3,35.6
11/11/2019 15:04,19.3,36.4
11/11/2019 15:05,19.3,36.5
11/11/2019 15:06,19.3,36.6
11/11/2019 15:07,19.3,36.5
11/11/2019 15:08,19.3,36.4
11/11/2019 15:09,19.3,36.4
11/11/2019 15:10,19.3,36.8
11/11/2019 15:11,19.3,36.7
11/11/2019 15:12,19.2,36.8
11/11/2019 15:13,19.2,36.4
11/11/2019 15:14,19.2,36.4
11/11/2019 15:15,19.3,36.6
11/11/2019 15:16,19.2,36.7
11/11/2019 15:17,19.2,36.5
11/11/2019 15:18,19.2,36.8
11/11/2019 15:19,19.2,36.8
11/11/2019 15:20,19.1,36.2
11/11/2019 15:21,19.1,36.4
11/11/2019 15:22,19.1,36.8
11/11/2019 15:23,19,36.5
11/11/2019 15:24,19.1,36.7
11/11/2019 15:25,19,36.7
11/11/2019 15:26,19,37
11/11/2019 15:27,19,35.7
11/11/2019 15:28,19,36.5
11/11/2019 15:29,18.9,36.5
11/11/2019 15:30,18.9,36.9
11/11/2019 15:31,18.9,36.6
11/11/2019 15:32,18.8,36.8
11/11/2019 15:33,18.8,36.9
11/11/2019 15:34,18.8,37
11/11/2019 15:35,18.8,37.1
11/11/2019 15:36,18.8,37.3
11/11/2019 15:37,18.8,37.4
11/11/2019 15:38,18.7,37.7
11/11/2019 15:39,18.7,37.6
11/11/2019 15:40,18.7,37.8
11/11/2019 15:41,18.7,37.7
11/11/2019 15:42,18.7,37.4
11/11/2019 15:43,18.7,37.8
11/11/2019 15:44,18.6,38.2
11/11/2019 15:45,18.6,37.7
11/11/2019 15:46,18.6,37.6
11/11/2019 15:47,18.5,37.7
11/11/2019 15:48,18.5,37.8
11/11/2019 15:49,18.5,38
11/11/2019 15:50,18.5,37.9
11/11/2019 15:51,18.5,38.2
11/11/2019 15:52,18.5,38.2
11/11/2019 15:53,18,38.4
11/11/2019 15:54,18.4,38.6
11/11/2019 15:55,18.4,38.5
11/11/2019 15:56,18.4,38.8
11/11/2019 15:57,18.3,38.9
11/11/2019 15:58,18.3,38.9
11/11/2019 15:59,18.3,38.4
11/11/2019 16:00,18.3,38.3
11/11/2019 16:01,18.3,38.4
11/11/2019 16:02,18.3,38.3
11/11/2019 16:03,18.3,38.7
11/11/2019 16:04,18.2,38.9
11/11/2019 16:05,18.2,38.9
11/11/2019 16:06,18.2,38.8
11/11/2019 16:07,18.1,38.7
11/11/2019 16:08,18,38.9
11/11/2019 16:09,18,39
11/11/2019 16:10,18,39
11/11/2019 16:11,17.9,39.2
11/11/2019 16:12,17.9,39.1
11/11/2019 16:13,17.8,39.5
11/11/2019 16:14,17.8,39.7
11/11/2019 16:15,17.8,39.8
11/11/2019 16:16,17.7,40
11/11/2019 16:17,17.7,40.2
11/11/2019 16:18,17.6,40.2
11/11/2019 16:19,17.6,40.2
11/11/2019 16:20,17.5,40.2
11/11/2019 16:21,17.5,40.1
11/11/2019 16:22,17.4,39.9
11/11/2019 16:23,17.4,40.2
11/11/2019 16:24,17.4,40.2
