relative_humidity,temperature_celsius,timestamp,location
25.8,18.6,2019-11-09 15:00:00,1
26.7,17.7,2019-11-09 15:01:00,1
26.2,16.6,2019-11-09 15:02:00,1
26.7,15.4,2019-11-09 15:03:00,1
27.7,14.5,2019-11-09 15:04:00,1
28.7,14.0,2019-11-09 15:05:00,1
28.7,13.3,2019-11-09 15:06:00,1
29.4,12.7,2019-11-09 15:07:00,1
29.9,12.1,2019-11-09 15:08:00,1
30.1,11.6,2019-11-09 15:09:00,1
31.0,11.1,2019-11-09 15:10:00,1
31.3,10.7,2019-11-09 15:11:00,1
32.0,10.4,2019-11-09 15:12:00,1
32.2,10.1,2019-11-09 15:13:00,1
32.7,9.8,2019-11-09 15:14:00,1
32.8,9.6,2019-11-09 15:15:00,1
33.3,9.3,2019-11-09 15:16:00,1
33.6,9.2,2019-11-09 15:17:00,1
34.1,8.9,2019-11-09 15:18:00,1
34.3,8.8,2019-11-09 15:19:00,1
34.0,8.6,2019-11-09 15:20:00,1
34.4,8.4,2019-11-09 15:21:00,1
34.7,8.3,2019-11-09 15:22:00,1
34.5,8.1,2019-11-09 15:23:00,1
34.7,8.0,2019-11-09 15:24:00,1
35.2,7.9,2019-11-09 15:25:00,1
35.2,7.8,2019-11-09 15:26:00,1
35.5,7.7,2019-11-09 15:27:00,1
35.7,7.7,2019-11-09 15:28:00,1
35.8,7.6,2019-11-09 15:29:00,1
36.4,7.6,2019-11-09 15:30:00,1
36.5,7.6,2019-11-09 15:31:00,1
36.8,7.6,2019-11-09 15:32:00,1
36.9,7.6,2019-11-09 15:33:00,1
37.6,7.6,2019-11-09 15:34:00,1
37.8,7.6,2019-11-09 15:35:00,1
37.7,7.6,2019-11-09 15:36:00,1
37.9,7.6,2019-11-09 15:37:00,1
38.1,7.6,2019-11-09 15:38:00,1
38.2,7.6,2019-11-09 15:39:00,1
38.2,7.6,2019-11-09 15:40:00,1
38.2,7.5,2019-11-09 15:41:00,1
37.8,7.5,2019-11-09 15:42:00,1
38.1,7.5,2019-11-09 15:43:00,1
38.4,7.4,2019-11-09 15:44:00,1
38.1,7.4,2019-11-09 15:45:00,1
38.7,7.4,2019-11-09 15:46:00,1
38.5,7.4,2019-11-09 15:47:00,1
38.4,7.4,2019-11-09 15:48:00,1
38.5,7.4,2019-11-09 15:49:00,1
38.8,7.4,2019-11-09 15:50:00,1
38.7,7.4,2019-11-09 15:51:00,1
38.7,7.4,2019-11-09 15:52:00,1
38.6,7.4,2019-11-09 15:53:00,1
38.6,7.4,2019-11-09 15:54:00,1
39.2,7.4,2019-11-09 15:55:00,1
39.2,7.4,2019-11-09 15:56:00,1
39.2,7.4,2019-11-09 15:57:00,1
38.7,7.4,2019-11-09 15:58:00,1
39.0,7.4,2019-11-09 15:59:00,1
39.2,7.4,2019-11-09 16:00:00,1
39.0,7.3,2019-11-09 16:01:00,1
39.1,7.3,2019-11-09 16:02:00,1
39.1,7.3,2019-11-09 16:03:00,1
39.3,7.3,2019-11-09 16:04:00,1
39.6,7.3,2019-11-09 16:05:00,1
39.6,7.3,2019-11-09 16:06:00,1
39.6,7.3,2019-11-09 16:07:00,1
39.4,7.3,2019-11-09 16:08:00,1
39.5,7.3,2019-11-09 16:09:00,1
39.5,7.3,2019-11-09 16:10:00,1
39.5,7.2,2019-11-09 16:11:00,1
39.7,7.2,2019-11-09 16:12:00,1
39.8,7.2,2019-11-09 16:13:00,1
39.7,7.1,2019-11-09 16:14:00,1
39.5,7.1,2019-11-09 16:15:00,1
39.5,7.0,2019-11-09 16:16:00,1
39.6,7.0,2019-11-09 16:17:00,1
39.9,7.0,2019-11-09 16:18:00,1
40.3,7.0,2019-11-09 16:19:00,1
40.4,7.0,2019-11-09 16:20:00,1
40.4,7.0,2019-11-09 16:21:00,1
40.2,7.0,2019-11-09 16:22:00,1
40.2,7.0,2019-11-09 16:23:00,1
40.1,7.0,2019-11-09 16:24:00,1
40.0,6.9,2019-11-09 16:25:00,1
40.0,6.9,2019-11-09 16:26:00,1
40.0,6.9,2019-11-09 16:27:00,1
40.2,6.8,2019-11-09 16:28:00,1
40.4,6.8,2019-11-09 16:29:00,1
40.7,6.8,2019-11-09 16:30:00,1
40.5,6.8,2019-11-09 16:31:00,1
40.3,6.8,2019-11-09 16:32:00,1
40.5,6.8,2019-11-09 16:33:00,1
40.5,6.8,2019-11-09 16:34:00,1
40.5,6.7,2019-11-09 16:35:00,1
40.8,6.7,2019-11-09 16:36:00,1
40.8,6.7,2019-11-09 16:37:00,1
40.7,6.7,2019-11-09 16:38:00,1
41.0,6.7,2019-11-09 16:39:00,1
41.1,6.7,2019-11-09 16:40:00,1
41.1,6.7,2019-11-09 16:41:00,1
41.0,6.6,2019-11-09 16:42:00,1
41.3,6.6,2019-11-09 16:43:00,1
41.3,6.6,2019-11-09 16:44:00,1
41.2,6.6,2019-11-09 16:45:00,1
41.3,6.5,2019-11-09 16:46:00,1
41.4,6.5,2019-11-09 16:47:00,1
41.5,6.5,2019-11-09 16:48:00,1
41.3,6.5,2019-11-09 16:49:00,1
41.4,6.5,2019-11-09 16:50:00,1
41.2,6.4,2019-11-09 16:51:00,1
41.1,6.4,2019-11-09 16:52:00,1
41.3,6.4,2019-11-09 16:53:00,1
41.3,6.3,2019-11-09 16:54:00,1
41.6,6.3,2019-11-09 16:55:00,1
41.7,6.3,2019-11-09 16:56:00,1
41.8,6.3,2019-11-09 16:57:00,1
42.0,6.3,2019-11-09 16:58:00,1
42.3,6.3,2019-11-09 16:59:00,1
41.8,6.2,2019-11-09 17:00:00,1
41.9,6.2,2019-11-09 17:01:00,1
41.8,6.2,2019-11-09 17:02:00,1
42.0,6.1,2019-11-09 17:03:00,1
42.3,6.1,2019-11-09 17:04:00,1
42.0,6.1,2019-11-09 17:05:00,1
42.2,6.1,2019-11-09 17:06:00,1
42.2,6.0,2019-11-09 17:07:00,1
42.0,6.3,2019-11-09 16:58:00,1
42.3,6.3,2019-11-09 16:59:00,1
41.8,6.2,2019-11-09 17:00:00,1
41.9,6.2,2019-11-09 17:01:00,1
41.8,6.2,2019-11-09 17:02:00,1
42.0,6.1,2019-11-09 17:03:00,1
42.3,6.1,2019-11-09 17:04:00,1
42.0,6.1,2019-11-09 17:05:00,1
42.2,6.1,2019-11-09 17:06:00,1
42.2,6.0,2019-11-09 17:07:00,1
42.6,6.1,2019-11-09 17:08:00,1
42.6,6.0,2019-11-09 17:09:00,1
42.6,6.0,2019-11-09 17:10:00,1
42.3,6.0,2019-11-09 17:11:00,1
42.3,6.0,2019-11-09 17:12:00,1
42.2,6.0,2019-11-09 17:13:00,1
42.3,5.9,2019-11-09 17:14:00,1
42.2,5.9,2019-11-09 17:15:00,1
42.1,5.8,2019-11-09 17:16:00,1
42.0,5.8,2019-11-09 17:17:00,1
42.1,5.8,2019-11-09 17:18:00,1
42.1,5.8,2019-11-09 17:19:00,1
42.2,5.7,2019-11-09 17:20:00,1
42.4,5.7,2019-11-09 17:21:00,1
42.4,5.7,2019-11-09 17:22:00,1
42.6,5.7,2019-11-09 17:23:00,1
42.5,5.6,2019-11-09 17:24:00,1
42.4,5.6,2019-11-09 17:25:00,1
42.4,5.6,2019-11-09 17:26:00,1
42.5,5.5,2019-11-09 17:27:00,1
42.5,5.5,2019-11-09 17:28:00,1
42.6,5.5,2019-11-09 17:29:00,1
42.7,5.5,2019-11-09 17:30:00,1
42.8,5.4,2019-11-09 17:31:00,1
43.0,5.4,2019-11-09 17:32:00,1
43.1,5.4,2019-11-09 17:33:00,1
43.3,5.3,2019-11-09 17:34:00,1
43.5,5.3,2019-11-09 17:35:00,1
43.6,5.3,2019-11-09 17:36:00,1
43.7,5.2,2019-11-09 17:37:00,1
43.8,5.2,2019-11-09 17:38:00,1
44.2,5.1,2019-11-09 17:39:00,1
44.6,5.0,2019-11-09 17:40:00,1
44.8,5.0,2019-11-09 17:41:00,1
44.9,5.0,2019-11-09 17:42:00,1
45.3,4.9,2019-11-09 17:43:00,1
45.4,4.9,2019-11-09 17:44:00,1
45.5,4.8,2019-11-09 17:45:00,1
45.5,4.8,2019-11-09 17:46:00,1
46.2,4.8,2019-11-09 17:47:00,1
46.2,4.8,2019-11-09 17:48:00,1
46.2,4.8,2019-11-09 17:49:00,1
46.6,4.8,2019-11-09 17:50:00,1
46.5,4.7,2019-11-09 17:51:00,1
46.6,4.7,2019-11-09 17:52:00,1
46.6,4.7,2019-11-09 17:53:00,1
46.7,4.7,2019-11-09 17:54:00,1
46.8,4.7,2019-11-09 17:55:00,1
47.0,4.6,2019-11-09 17:56:00,1
47.0,4.6,2019-11-09 17:57:00,1
47.1,4.6,2019-11-09 17:58:00,1
47.3,4.6,2019-11-09 17:59:00,1
47.4,4.5,2019-11-09 18:00:00,1
47.7,4.5,2019-11-09 18:01:00,1
47.9,4.4,2019-11-09 18:02:00,1
48.0,4.4,2019-11-09 18:03:00,1
48.1,4.4,2019-11-09 18:04:00,1
48.5,4.3,2019-11-09 18:05:00,1
48.6,4.3,2019-11-09 18:06:00,1
48.9,4.2,2019-11-09 18:07:00,1
49.2,4.2,2019-11-09 18:08:00,1
49.2,4.2,2019-11-09 18:09:00,1
49.3,4.2,2019-11-09 18:10:00,1
49.3,4.1,2019-11-09 18:11:00,1
49.6,4.1,2019-11-09 18:12:00,1
49.7,4.0,2019-11-09 18:13:00,1
50.0,4.0,2019-11-09 18:14:00,1
50.5,3.9,2019-11-09 18:15:00,1
50.7,3.9,2019-11-09 18:16:00,1
51.1,3.8,2019-11-09 18:17:00,1
51.0,3.8,2019-11-09 18:18:00,1
51.2,3.8,2019-11-09 18:19:00,1
51.2,3.7,2019-11-09 18:20:00,1
51.1,3.6,2019-11-09 18:21:00,1
51.0,3.6,2019-11-09 18:22:00,1
50.6,3.5,2019-11-09 18:23:00,1
51.0,3.5,2019-11-09 18:24:00,1
50.8,3.5,2019-11-09 18:25:00,1
51.2,3.4,2019-11-09 18:26:00,1
51.0,3.4,2019-11-09 18:27:00,1
51.1,3.3,2019-11-09 18:28:00,1
51.5,3.3,2019-11-09 18:29:00,1
51.7,3.3,2019-11-09 18:30:00,1
51.9,3.3,2019-11-09 18:31:00,1
51.9,3.2,2019-11-09 18:32:00,1
52.1,3.2,2019-11-09 18:33:00,1
52.2,3.1,2019-11-09 18:34:00,1
52.3,3.1,2019-11-09 18:35:00,1
52.6,3.1,2019-11-09 18:36:00,1
51.9,3.0,2019-11-09 18:37:00,1
51.9,3.0,2019-11-09 18:38:00,1
52.5,3.0,2019-11-09 18:39:00,1
52.6,3.0,2019-11-09 18:40:00,1
53.0,2.9,2019-11-09 18:41:00,1
53.0,2.9,2019-11-09 18:42:00,1
52.9,2.9,2019-11-09 18:43:00,1
52.9,2.8,2019-11-09 18:44:00,1
53.0,2.8,2019-11-09 18:45:00,1
52.9,2.8,2019-11-09 18:46:00,1
52.9,2.8,2019-11-09 18:47:00,1
53.1,2.8,2019-11-09 18:48:00,1
52.8,2.8,2019-11-09 18:49:00,1
52.8,2.8,2019-11-09 18:50:00,1
52.8,2.7,2019-11-09 18:51:00,1
52.8,2.7,2019-11-09 18:52:00,1
53.0,2.7,2019-11-09 18:53:00,1
53.0,2.7,2019-11-09 18:54:00,1
53.0,2.7,2019-11-09 18:55:00,1
53.0,2.6,2019-11-09 18:56:00,1
53.0,2.6,2019-11-09 18:57:00,1
53.0,2.6,2019-11-09 18:58:00,1
53.2,2.6,2019-11-09 18:59:00,1
53.5,2.5,2019-11-09 19:00:00,1
53.2,2.5,2019-11-09 19:01:00,1
53.2,2.5,2019-11-09 19:02:00,1
53.4,2.5,2019-11-09 19:03:00,1
53.9,2.5,2019-11-09 19:04:00,1
54.6,2.4,2019-11-09 19:05:00,1
54.9,2.3,2019-11-09 19:06:00,1
54.4,2.3,2019-11-09 19:07:00,1
55.0,2.3,2019-11-09 19:08:00,1
55.3,2.2,2019-11-09 19:09:00,1
55.6,2.2,2019-11-09 19:10:00,1
55.8,2.1,2019-11-09 19:11:00,1
56.0,2.0,2019-11-09 19:12:00,1
55.9,2.0,2019-11-09 19:13:00,1
55.7,2.0,2019-11-09 19:14:00,1
56.0,1.9,2019-11-09 19:15:00,1
56.4,1.8,2019-11-09 19:16:00,1
56.6,1.8,2019-11-09 19:17:00,1
56.2,1.8,2019-11-09 19:18:00,1
56.5,1.7,2019-11-09 19:19:00,1
57.0,1.7,2019-11-09 19:20:00,1
56.7,1.6,2019-11-09 19:21:00,1
56.9,1.6,2019-11-09 19:22:00,1
57.3,1.6,2019-11-09 19:23:00,1
57.4,1.5,2019-11-09 19:24:00,1
57.6,1.5,2019-11-09 19:25:00,1
57.6,1.5,2019-11-09 19:26:00,1
57.6,1.5,2019-11-09 19:27:00,1
57.7,1.5,2019-11-09 19:28:00,1
57.6,1.5,2019-11-09 19:29:00,1
57.8,1.4,2019-11-09 19:30:00,1
57.8,1.4,2019-11-09 19:31:00,1
57.9,1.4,2019-11-09 19:32:00,1
57.9,1.4,2019-11-09 19:33:00,1
58.0,1.3,2019-11-09 19:34:00,1
58.0,1.3,2019-11-09 19:35:00,1
58.0,1.3,2019-11-09 19:36:00,1
58.4,1.3,2019-11-09 19:37:00,1
58.4,1.3,2019-11-09 19:38:00,1
58.8,1.3,2019-11-09 19:39:00,1
58.5,1.2,2019-11-09 19:40:00,1
58.8,1.2,2019-11-09 19:41:00,1
58.5,1.2,2019-11-09 19:42:00,1
58.5,1.2,2019-11-09 19:43:00,1
58.5,1.2,2019-11-09 19:44:00,1
58.9,1.1,2019-11-09 19:45:00,1
59.1,1.1,2019-11-09 19:46:00,1
58.9,1.1,2019-11-09 19:47:00,1
58.7,1.1,2019-11-09 19:48:00,1
59.1,1.0,2019-11-09 19:49:00,1
59.1,1.0,2019-11-09 19:50:00,1
59.4,1.0,2019-11-09 19:51:00,1
59.2,1.0,2019-11-09 19:52:00,1
59.1,1.0,2019-11-09 19:53:00,1
59.2,1.0,2019-11-09 19:54:00,1
59.5,1.0,2019-11-09 19:55:00,1
59.6,0.9,2019-11-09 19:56:00,1
59.5,0.9,2019-11-09 19:57:00,1
59.5,0.9,2019-11-09 19:58:00,1
59.7,0.8,2019-11-09 19:59:00,1
59.6,0.8,2019-11-09 20:00:00,1
60.0,0.8,2019-11-09 20:01:00,1
59.9,0.8,2019-11-09 20:02:00,1
60.4,0.8,2019-11-09 20:03:00,1
60.3,0.8,2019-11-09 20:04:00,1
60.4,0.8,2019-11-09 20:05:00,1
60.0,0.8,2019-11-09 20:06:00,1
60.0,0.8,2019-11-09 20:07:00,1
59.9,0.8,2019-11-09 20:08:00,1
60.4,0.8,2019-11-09 20:09:00,1
60.2,0.7,2019-11-09 20:10:00,1
60.4,0.7,2019-11-09 20:11:00,1
60.5,0.7,2019-11-09 20:12:00,1
60.6,0.7,2019-11-09 20:13:00,1
60.6,0.6,2019-11-09 20:14:00,1
60.7,0.6,2019-11-09 20:15:00,1
61.0,0.6,2019-11-09 20:16:00,1
60.9,0.6,2019-11-09 20:17:00,1
61.3,0.6,2019-11-09 20:18:00,1
61.3,0.5,2019-11-09 20:19:00,1
61.5,0.5,2019-11-09 20:20:00,1
61.4,0.5,2019-11-09 20:21:00,1
61.3,0.5,2019-11-09 20:22:00,1
61.4,0.5,2019-11-09 20:23:00,1
61.2,0.5,2019-11-09 20:24:00,1
61.5,0.5,2019-11-09 20:25:00,1
61.6,0.5,2019-11-09 20:26:00,1
61.6,0.4,2019-11-09 20:27:00,1
61.7,0.4,2019-11-09 20:28:00,1
62.4,0.3,2019-11-09 20:29:00,1
62.1,0.3,2019-11-09 20:30:00,1
62.6,0.3,2019-11-09 20:31:00,1
62.6,0.3,2019-11-09 20:32:00,1
62.7,0.2,2019-11-09 20:33:00,1
62.7,0.2,2019-11-09 20:34:00,1
62.9,0.2,2019-11-09 20:35:00,1
63.0,0.2,2019-11-09 20:36:00,1
63.2,0.2,2019-11-09 20:37:00,1
63.5,0.1,2019-11-09 20:38:00,1
63.1,0.1,2019-11-09 20:39:00,1
63.0,0.1,2019-11-09 20:40:00,1
63.5,0.1,2019-11-09 20:41:00,1
63.5,0.1,2019-11-09 20:42:00,1
63.5,0.1,2019-11-09 20:43:00,1
63.4,0.0,2019-11-09 20:44:00,1
63.3,0.0,2019-11-09 20:45:00,1
63.4,0.0,2019-11-09 20:46:00,1
63.8,0.0,2019-11-09 20:47:00,1
63.9,0.0,2019-11-09 20:48:00,1
64.0,0.0,2019-11-09 20:49:00,1
64.3,0.0,2019-11-09 20:50:00,1
63.7,0.0,2019-11-09 20:51:00,1
64.0,0.0,2019-11-09 20:52:00,1
64.1,0.0,2019-11-09 20:53:00,1
63.8,0.0,2019-11-09 20:54:00,1
64.1,0.0,2019-11-09 20:55:00,1
64.0,0.0,2019-11-09 20:56:00,1
64.0,0.0,2019-11-09 20:57:00,1
63.8,0.0,2019-11-09 20:58:00,1
63.7,0.0,2019-11-09 20:59:00,1
64.2,0.0,2019-11-09 21:00:00,1
64.2,0.0,2019-11-09 21:01:00,1
64.1,0.0,2019-11-09 21:02:00,1
64.2,0.0,2019-11-09 21:03:00,1
64.3,0.0,2019-11-09 21:04:00,1
64.2,0.0,2019-11-09 21:05:00,1
64.5,0.0,2019-11-09 21:06:00,1
64.4,0.0,2019-11-09 21:07:00,1
64.0,0.0,2019-11-09 21:08:00,1
64.2,0.0,2019-11-09 21:09:00,1
64.6,0.0,2019-11-09 21:10:00,1
64.6,-0.1,2019-11-09 21:11:00,1
64.7,-0.1,2019-11-09 21:12:00,1
64.7,-0.1,2019-11-09 21:13:00,1
64.6,-0.1,2019-11-09 21:14:00,1
64.7,-0.1,2019-11-09 21:15:00,1
64.8,-0.1,2019-11-09 21:16:00,1
64.8,-0.1,2019-11-09 21:17:00,1
64.9,-0.1,2019-11-09 21:18:00,1
64.9,-0.1,2019-11-09 21:19:00,1
65.0,-0.1,2019-11-09 21:20:00,1
65.1,-0.2,2019-11-09 21:21:00,1
65.2,-0.2,2019-11-09 21:22:00,1
65.3,-0.2,2019-11-09 21:23:00,1
65.2,-0.2,2019-11-09 21:24:00,1
65.1,-0.2,2019-11-09 21:25:00,1
65.4,-0.2,2019-11-09 21:26:00,1
65.4,-0.2,2019-11-09 21:27:00,1
65.2,-0.2,2019-11-09 21:28:00,1
65.1,-0.2,2019-11-09 21:29:00,1
65.0,-0.2,2019-11-09 21:30:00,1
65.1,-0.2,2019-11-09 21:31:00,1
65.0,-0.2,2019-11-09 21:32:00,1
65.0,-0.2,2019-11-09 21:33:00,1
65.3,-0.2,2019-11-09 21:34:00,1
65.1,-0.2,2019-11-09 21:35:00,1
65.3,-0.3,2019-11-09 21:36:00,1
65.6,-0.3,2019-11-09 21:37:00,1
65.5,-0.3,2019-11-09 21:38:00,1
65.6,-0.3,2019-11-09 21:39:00,1
65.6,-0.3,2019-11-09 21:40:00,1
65.7,-0.3,2019-11-09 21:41:00,1
65.6,-0.3,2019-11-09 21:42:00,1
65.5,-0.3,2019-11-09 21:43:00,1
65.5,-0.3,2019-11-09 21:44:00,1
65.7,-0.3,2019-11-09 21:45:00,1
65.6,-0.3,2019-11-09 21:46:00,1
65.1,-0.3,2019-11-09 21:47:00,1
65.4,-0.4,2019-11-09 21:48:00,1
66.1,-0.4,2019-11-09 21:49:00,1
66.2,-0.4,2019-11-09 21:50:00,1
66.3,-0.4,2019-11-09 21:51:00,1
66.0,-0.4,2019-11-09 21:52:00,1
66.2,-0.4,2019-11-09 21:53:00,1
66.3,-0.5,2019-11-09 21:54:00,1
66.8,-0.6,2019-11-09 21:55:00,1
66.6,-0.6,2019-11-09 21:56:00,1
66.5,-0.6,2019-11-09 21:57:00,1
66.6,-0.6,2019-11-09 21:58:00,1
66.7,-0.6,2019-11-09 21:59:00,1
66.7,-0.6,2019-11-09 22:00:00,1
66.8,-0.6,2019-11-09 22:01:00,1
67.1,-0.6,2019-11-09 22:02:00,1
67.1,-0.6,2019-11-09 22:03:00,1
67.1,-0.6,2019-11-09 22:04:00,1
67.2,-0.6,2019-11-09 22:05:00,1
67.5,-0.6,2019-11-09 22:06:00,1
67.2,-0.6,2019-11-09 22:07:00,1
67.2,-0.6,2019-11-09 22:08:00,1
67.1,-0.6,2019-11-09 22:09:00,1
67.4,-0.7,2019-11-09 22:10:00,1
67.6,-0.7,2019-11-09 22:11:00,1
67.5,-0.7,2019-11-09 22:12:00,1
67.7,-0.7,2019-11-09 22:13:00,1
67.9,-0.7,2019-11-09 22:14:00,1
67.8,-0.7,2019-11-09 22:15:00,1
67.5,-0.7,2019-11-09 22:16:00,1
67.8,-0.7,2019-11-09 22:17:00,1
67.9,-0.7,2019-11-09 22:18:00,1
67.9,-0.7,2019-11-09 22:19:00,1
67.8,-0.7,2019-11-09 22:20:00,1
68.0,-0.7,2019-11-09 22:21:00,1
68.0,-0.7,2019-11-09 22:22:00,1
67.9,-0.7,2019-11-09 22:23:00,1
67.8,-0.7,2019-11-09 22:24:00,1
67.9,-0.7,2019-11-09 22:25:00,1
68.0,-0.7,2019-11-09 22:26:00,1
67.9,-0.7,2019-11-09 22:27:00,1
67.8,-0.7,2019-11-09 22:28:00,1
67.9,-0.7,2019-11-09 22:29:00,1
67.9,-0.7,2019-11-09 22:30:00,1
68.1,-0.7,2019-11-09 22:31:00,1
68.3,-0.7,2019-11-09 22:32:00,1
68.2,-0.7,2019-11-09 22:33:00,1
68.4,-0.8,2019-11-09 22:34:00,1
68.4,-0.8,2019-11-09 22:35:00,1
68.3,-0.7,2019-11-09 22:36:00,1
68.3,-0.8,2019-11-09 22:37:00,1
68.1,-0.8,2019-11-09 22:38:00,1
68.6,-0.8,2019-11-09 22:39:00,1
68.5,-0.8,2019-11-09 22:40:00,1
68.4,-0.8,2019-11-09 22:41:00,1
68.4,-0.8,2019-11-09 22:42:00,1
68.5,-0.8,2019-11-09 22:43:00,1
68.6,-0.8,2019-11-09 22:44:00,1
68.6,-0.8,2019-11-09 22:45:00,1
68.5,-0.8,2019-11-09 22:46:00,1
68.8,-0.9,2019-11-09 22:47:00,1
68.9,-0.9,2019-11-09 22:48:00,1
68.8,-0.9,2019-11-09 22:49:00,1
69.1,-0.9,2019-11-09 22:50:00,1
69.1,-0.9,2019-11-09 22:51:00,1
69.0,-0.9,2019-11-09 22:52:00,1
69.4,-0.9,2019-11-09 22:53:00,1
69.3,-0.9,2019-11-09 22:54:00,1
69.0,-0.9,2019-11-09 22:55:00,1
69.4,-0.9,2019-11-09 22:56:00,1
69.3,-1.0,2019-11-09 22:57:00,1
69.6,-1.0,2019-11-09 22:58:00,1
69.5,-1.0,2019-11-09 22:59:00,1
69.4,-1.0,2019-11-09 23:00:00,1
69.4,-0.9,2019-11-09 23:01:00,1
69.4,-1.0,2019-11-09 23:02:00,1
69.3,-0.9,2019-11-09 23:03:00,1
69.2,-0.9,2019-11-09 23:04:00,1
69.7,-1.0,2019-11-09 23:05:00,1
69.6,-1.0,2019-11-09 23:06:00,1
69.6,-1.0,2019-11-09 23:07:00,1
69.7,-1.0,2019-11-09 23:08:00,1
69.8,-1.0,2019-11-09 23:09:00,1
69.9,-1.0,2019-11-09 23:10:00,1
69.8,-1.0,2019-11-09 23:11:00,1
70.0,-1.0,2019-11-09 23:12:00,1
70.0,-1.0,2019-11-09 23:13:00,1
69.8,-1.0,2019-11-09 23:14:00,1
70.1,-1.0,2019-11-09 23:15:00,1
70.1,-1.0,2019-11-09 23:16:00,1
70.1,-1.0,2019-11-09 23:17:00,1
70.3,-1.0,2019-11-09 23:18:00,1
70.2,-1.0,2019-11-09 23:19:00,1
70.1,-1.0,2019-11-09 23:20:00,1
70.1,-1.0,2019-11-09 23:21:00,1
69.7,-1.0,2019-11-09 23:22:00,1
70.2,-1.0,2019-11-09 23:23:00,1
70.3,-1.0,2019-11-09 23:24:00,1
70.8,-1.0,2019-11-09 23:25:00,1
70.6,-1.0,2019-11-09 23:26:00,1
70.4,-1.0,2019-11-09 23:27:00,1
70.5,-1.0,2019-11-09 23:28:00,1
70.7,-1.0,2019-11-09 23:29:00,1
70.6,-1.0,2019-11-09 23:30:00,1
70.7,-1.0,2019-11-09 23:31:00,1
70.7,-1.0,2019-11-09 23:32:00,1
70.8,-1.0,2019-11-09 23:33:00,1
70.8,-1.0,2019-11-09 23:34:00,1
70.8,-1.0,2019-11-09 23:35:00,1
70.8,-1.0,2019-11-09 23:36:00,1
71.0,-1.1,2019-11-09 23:37:00,1
70.9,-1.0,2019-11-09 23:38:00,1
70.9,-1.1,2019-11-09 23:39:00,1
71.0,-1.1,2019-11-09 23:40:00,1
71.0,-1.1,2019-11-09 23:41:00,1
70.9,-1.1,2019-11-09 23:42:00,1
70.8,-1.1,2019-11-09 23:43:00,1
70.9,-1.1,2019-11-09 23:44:00,1
71.0,-1.1,2019-11-09 23:45:00,1
70.9,-1.1,2019-11-09 23:46:00,1
70.8,-1.1,2019-11-09 23:47:00,1
71.3,-1.1,2019-11-09 23:48:00,1
71.4,-1.1,2019-11-09 23:49:00,1
71.3,-1.1,2019-11-09 23:50:00,1
71.1,-1.1,2019-11-09 23:51:00,1
71.3,-1.1,2019-11-09 23:52:00,1
71.3,-1.1,2019-11-09 23:53:00,1
71.4,-1.1,2019-11-09 23:54:00,1
71.3,-1.1,2019-11-09 23:55:00,1
71.3,-1.1,2019-11-09 23:56:00,1
71.3,-1.1,2019-11-09 23:57:00,1
71.5,-1.1,2019-11-09 23:58:00,1
71.8,-1.2,2019-11-09 23:59:00,1
71.6,-1.2,2019-11-10 00:00:00,1
71.6,-1.1,2019-11-10 00:01:00,1
71.5,-1.1,2019-11-10 00:02:00,1
71.5,-1.2,2019-11-10 00:03:00,1
71.8,-1.2,2019-11-10 00:04:00,1
71.9,-1.2,2019-11-10 00:05:00,1
72.0,-1.2,2019-11-10 00:06:00,1
72.0,-1.2,2019-11-10 00:07:00,1
72.0,-1.2,2019-11-10 00:08:00,1
71.9,-1.2,2019-11-10 00:09:00,1
71.9,-1.2,2019-11-10 00:10:00,1
72.0,-1.2,2019-11-10 00:11:00,1
72.2,-1.3,2019-11-10 00:12:00,1
72.0,-1.3,2019-11-10 00:13:00,1
72.2,-1.3,2019-11-10 00:14:00,1
72.4,-1.3,2019-11-10 00:15:00,1
72.4,-1.3,2019-11-10 00:16:00,1
72.5,-1.3,2019-11-10 00:17:00,1
72.4,-1.3,2019-11-10 00:18:00,1
72.8,-1.3,2019-11-10 00:19:00,1
72.8,-1.3,2019-11-10 00:20:00,1
72.8,-1.3,2019-11-10 00:21:00,1
72.6,-1.3,2019-11-10 00:22:00,1
72.9,-1.3,2019-11-10 00:23:00,1
73.0,-1.3,2019-11-10 00:24:00,1
72.9,-1.3,2019-11-10 00:25:00,1
73.0,-1.3,2019-11-10 00:26:00,1
72.9,-1.3,2019-11-10 00:27:00,1
73.0,-1.3,2019-11-10 00:28:00,1
73.0,-1.4,2019-11-10 00:29:00,1
73.1,-1.4,2019-11-10 00:30:00,1
73.1,-1.4,2019-11-10 00:31:00,1
72.8,-1.4,2019-11-10 00:32:00,1
73.1,-1.4,2019-11-10 00:33:00,1
73.0,-1.4,2019-11-10 00:34:00,1
73.1,-1.4,2019-11-10 00:35:00,1
73.1,-1.4,2019-11-10 00:36:00,1
73.4,-1.4,2019-11-10 00:37:00,1
73.5,-1.4,2019-11-10 00:38:00,1
73.4,-1.4,2019-11-10 00:39:00,1
73.3,-1.4,2019-11-10 00:40:00,1
73.4,-1.4,2019-11-10 00:41:00,1
73.3,-1.4,2019-11-10 00:42:00,1
73.3,-1.3,2019-11-10 00:43:00,1
73.4,-1.3,2019-11-10 00:44:00,1
73.4,-1.3,2019-11-10 00:45:00,1
73.3,-1.3,2019-11-10 00:46:00,1
73.3,-1.3,2019-11-10 00:47:00,1
73.5,-1.3,2019-11-10 00:48:00,1
73.4,-1.3,2019-11-10 00:49:00,1
73.1,-1.3,2019-11-10 00:50:00,1
73.3,-1.3,2019-11-10 00:51:00,1
73.3,-1.3,2019-11-10 00:52:00,1
73.3,-1.3,2019-11-10 00:53:00,1
73.1,-1.3,2019-11-10 00:54:00,1
73.4,-1.3,2019-11-10 00:55:00,1
73.4,-1.3,2019-11-10 00:56:00,1
73.3,-1.3,2019-11-10 00:57:00,1
73.3,-1.3,2019-11-10 00:58:00,1
73.4,-1.3,2019-11-10 00:59:00,1
73.5,-1.3,2019-11-10 01:00:00,1
73.5,-1.3,2019-11-10 01:01:00,1
73.7,-1.3,2019-11-10 01:02:00,1
73.8,-1.3,2019-11-10 01:03:00,1
73.6,-1.3,2019-11-10 01:04:00,1
73.8,-1.3,2019-11-10 01:05:00,1
73.7,-1.3,2019-11-10 01:06:00,1
73.7,-1.3,2019-11-10 01:07:00,1
73.7,-1.3,2019-11-10 01:08:00,1
73.6,-1.3,2019-11-10 01:09:00,1
73.6,-1.3,2019-11-10 01:10:00,1
73.7,-1.2,2019-11-10 01:11:00,1
73.9,-1.2,2019-11-10 01:12:00,1
73.7,-1.2,2019-11-10 01:13:00,1
73.8,-1.2,2019-11-10 01:14:00,1
73.7,-1.2,2019-11-10 01:15:00,1
73.9,-1.2,2019-11-10 01:16:00,1
74.0,-1.2,2019-11-10 01:17:00,1
73.6,-1.2,2019-11-10 01:18:00,1
74.1,-1.2,2019-11-10 01:19:00,1
74.0,-1.2,2019-11-10 01:20:00,1
73.9,-1.3,2019-11-10 01:21:00,1
74.4,-1.3,2019-11-10 01:22:00,1
74.3,-1.2,2019-11-10 01:23:00,1
74.1,-1.2,2019-11-10 01:24:00,1
74.4,-1.3,2019-11-10 01:25:00,1
74.3,-1.2,2019-11-10 01:26:00,1
74.2,-1.2,2019-11-10 01:27:00,1
74.1,-1.2,2019-11-10 01:28:00,1
74.3,-1.2,2019-11-10 01:29:00,1
74.3,-1.2,2019-11-10 01:30:00,1
74.3,-1.2,2019-11-10 01:31:00,1
74.2,-1.2,2019-11-10 01:32:00,1
74.5,-1.2,2019-11-10 01:33:00,1
74.3,-1.2,2019-11-10 01:34:00,1
74.5,-1.2,2019-11-10 01:35:00,1
74.3,-1.2,2019-11-10 01:36:00,1
74.3,-1.2,2019-11-10 01:37:00,1
74.5,-1.2,2019-11-10 01:38:00,1
74.4,-1.2,2019-11-10 01:39:00,1
74.5,-1.2,2019-11-10 01:40:00,1
74.3,-1.2,2019-11-10 01:41:00,1
74.3,-1.2,2019-11-10 01:42:00,1
74.3,-1.2,2019-11-10 01:43:00,1
74.3,-1.2,2019-11-10 01:44:00,1
74.4,-1.2,2019-11-10 01:45:00,1
74.4,-1.2,2019-11-10 01:46:00,1
74.4,-1.2,2019-11-10 01:47:00,1
74.4,-1.2,2019-11-10 01:48:00,1
74.5,-1.2,2019-11-10 01:49:00,1
74.5,-1.2,2019-11-10 01:50:00,1
74.8,-1.3,2019-11-10 01:51:00,1
74.6,-1.3,2019-11-10 01:52:00,1
74.7,-1.3,2019-11-10 01:53:00,1
74.8,-1.3,2019-11-10 01:54:00,1
74.7,-1.3,2019-11-10 01:55:00,1
74.7,-1.3,2019-11-10 01:56:00,1
74.9,-1.2,2019-11-10 01:57:00,1
74.9,-1.2,2019-11-10 01:58:00,1
74.9,-1.2,2019-11-10 01:59:00,1
74.9,-1.2,2019-11-10 02:00:00,1
74.8,-1.2,2019-11-10 02:01:00,1
74.7,-1.2,2019-11-10 02:02:00,1
74.8,-1.2,2019-11-10 02:03:00,1
74.6,-1.2,2019-11-10 02:04:00,1
74.6,-1.2,2019-11-10 02:05:00,1
74.6,-1.1,2019-11-10 02:06:00,1
74.6,-1.2,2019-11-10 02:07:00,1
74.7,-1.1,2019-11-10 02:08:00,1
74.7,-1.2,2019-11-10 02:09:00,1
74.6,-1.2,2019-11-10 02:10:00,1
74.6,-1.2,2019-11-10 02:11:00,1
74.9,-1.2,2019-11-10 02:12:00,1
74.9,-1.2,2019-11-10 02:13:00,1
74.7,-1.2,2019-11-10 02:14:00,1
75.0,-1.2,2019-11-10 02:15:00,1
75.0,-1.3,2019-11-10 02:16:00,1
75.1,-1.3,2019-11-10 02:17:00,1
75.1,-1.2,2019-11-10 02:18:00,1
75.2,-1.3,2019-11-10 02:19:00,1
75.2,-1.3,2019-11-10 02:20:00,1
75.3,-1.3,2019-11-10 02:21:00,1
75.4,-1.3,2019-11-10 02:22:00,1
75.4,-1.3,2019-11-10 02:23:00,1
75.7,-1.3,2019-11-10 02:24:00,1
75.5,-1.3,2019-11-10 02:25:00,1
75.4,-1.3,2019-11-10 02:26:00,1
75.5,-1.3,2019-11-10 02:27:00,1
75.7,-1.3,2019-11-10 02:28:00,1
75.8,-1.4,2019-11-10 02:29:00,1
76.0,-1.4,2019-11-10 02:30:00,1
76.0,-1.3,2019-11-10 02:31:00,1
75.9,-1.3,2019-11-10 02:32:00,1
76.0,-1.3,2019-11-10 02:33:00,1
76.4,-1.3,2019-11-10 02:34:00,1
76.6,-1.4,2019-11-10 02:35:00,1
76.5,-1.4,2019-11-10 02:36:00,1
76.6,-1.4,2019-11-10 02:37:00,1
76.4,-1.3,2019-11-10 02:38:00,1
76.5,-1.3,2019-11-10 02:39:00,1
76.3,-1.3,2019-11-10 02:40:00,1
76.5,-1.3,2019-11-10 02:41:00,1
76.1,-1.3,2019-11-10 02:42:00,1
76.2,-1.3,2019-11-10 02:43:00,1
76.1,-1.3,2019-11-10 02:44:00,1
76.4,-1.3,2019-11-10 02:45:00,1
76.2,-1.2,2019-11-10 02:46:00,1
75.9,-1.2,2019-11-10 02:47:00,1
76.1,-1.2,2019-11-10 02:48:00,1
75.8,-1.2,2019-11-10 02:49:00,1
75.8,-1.1,2019-11-10 02:50:00,1
76.3,-1.1,2019-11-10 02:51:00,1
76.2,-1.1,2019-11-10 02:52:00,1
75.9,-1.1,2019-11-10 02:53:00,1
76.3,-1.1,2019-11-10 02:54:00,1
76.4,-1.1,2019-11-10 02:55:00,1
76.7,-1.2,2019-11-10 02:56:00,1
76.7,-1.2,2019-11-10 02:57:00,1
76.7,-1.2,2019-11-10 02:58:00,1
76.9,-1.2,2019-11-10 02:59:00,1
76.9,-1.2,2019-11-10 03:00:00,1
76.7,-1.2,2019-11-10 03:01:00,1
77.0,-1.2,2019-11-10 03:02:00,1
76.9,-1.2,2019-11-10 03:03:00,1
76.9,-1.2,2019-11-10 03:04:00,1
76.7,-1.2,2019-11-10 03:05:00,1
76.9,-1.2,2019-11-10 03:06:00,1
76.7,-1.2,2019-11-10 03:07:00,1
76.6,-1.2,2019-11-10 03:08:00,1
76.8,-1.2,2019-11-10 03:09:00,1
76.4,-1.2,2019-11-10 03:10:00,1
76.6,-1.2,2019-11-10 03:11:00,1
77.1,-1.2,2019-11-10 03:12:00,1
77.2,-1.2,2019-11-10 03:13:00,1
77.1,-1.2,2019-11-10 03:14:00,1
77.1,-1.1,2019-11-10 03:15:00,1
77.2,-1.1,2019-11-10 03:16:00,1
77.0,-1.1,2019-11-10 03:17:00,1
77.0,-1.1,2019-11-10 03:18:00,1
76.8,-1.1,2019-11-10 03:19:00,1
76.9,-1.1,2019-11-10 03:20:00,1
76.9,-1.1,2019-11-10 03:21:00,1
77.1,-1.1,2019-11-10 03:22:00,1
77.5,-1.1,2019-11-10 03:23:00,1
77.4,-1.1,2019-11-10 03:24:00,1
77.1,-1.1,2019-11-10 03:25:00,1
77.1,-1.1,2019-11-10 03:26:00,1
77.1,-1.1,2019-11-10 03:27:00,1
77.6,-1.1,2019-11-10 03:28:00,1
77.4,-1.1,2019-11-10 03:29:00,1
77.5,-1.1,2019-11-10 03:30:00,1
77.4,-1.0,2019-11-10 03:31:00,1
77.7,-1.1,2019-11-10 03:32:00,1
77.8,-1.0,2019-11-10 03:33:00,1
77.6,-1.0,2019-11-10 03:34:00,1
77.7,-1.0,2019-11-10 03:35:00,1
77.3,-1.0,2019-11-10 03:36:00,1
77.4,-0.9,2019-11-10 03:37:00,1
77.4,-0.9,2019-11-10 03:38:00,1
77.5,-0.9,2019-11-10 03:39:00,1
77.4,-0.9,2019-11-10 03:40:00,1
77.3,-0.9,2019-11-10 03:41:00,1
77.4,-0.9,2019-11-10 03:42:00,1
77.7,-0.8,2019-11-10 03:43:00,1
77.6,-0.8,2019-11-10 03:44:00,1
77.7,-0.8,2019-11-10 03:45:00,1
77.7,-0.8,2019-11-10 03:46:00,1
77.7,-0.8,2019-11-10 03:47:00,1
77.8,-0.8,2019-11-10 03:48:00,1
77.9,-0.8,2019-11-10 03:49:00,1
78.2,-0.8,2019-11-10 03:50:00,1
78.0,-0.8,2019-11-10 03:51:00,1
78.3,-0.8,2019-11-10 03:52:00,1
78.2,-0.8,2019-11-10 03:53:00,1
78.3,-0.8,2019-11-10 03:54:00,1
78.5,-0.8,2019-11-10 03:55:00,1
78.6,-0.8,2019-11-10 03:56:00,1
78.6,-0.8,2019-11-10 03:57:00,1
78.5,-0.8,2019-11-10 03:58:00,1
78.5,-0.8,2019-11-10 03:59:00,1
78.2,-0.8,2019-11-10 04:00:00,1
78.1,-0.8,2019-11-10 04:01:00,1
78.3,-0.8,2019-11-10 04:02:00,1
78.3,-0.8,2019-11-10 04:03:00,1
77.7,-0.8,2019-11-10 04:04:00,1
78.1,-0.8,2019-11-10 04:05:00,1
77.9,-0.8,2019-11-10 04:06:00,1
77.5,-0.8,2019-11-10 04:07:00,1
78.1,-0.7,2019-11-10 04:08:00,1
78.6,-0.7,2019-11-10 04:09:00,1
78.4,-0.7,2019-11-10 04:10:00,1
78.6,-0.7,2019-11-10 04:11:00,1
78.7,-0.6,2019-11-10 04:12:00,1
79.0,-0.6,2019-11-10 04:13:00,1
78.8,-0.6,2019-11-10 04:14:00,1
78.8,-0.6,2019-11-10 04:15:00,1
78.7,-0.6,2019-11-10 04:16:00,1
78.7,-0.6,2019-11-10 04:17:00,1
78.8,-0.6,2019-11-10 04:18:00,1
78.9,-0.6,2019-11-10 04:19:00,1
78.7,-0.6,2019-11-10 04:20:00,1
78.6,-0.6,2019-11-10 04:21:00,1
79.2,-0.5,2019-11-10 04:22:00,1
78.7,-0.5,2019-11-10 04:23:00,1
78.7,-0.5,2019-11-10 04:24:00,1
78.9,-0.5,2019-11-10 04:25:00,1
78.8,-0.6,2019-11-10 04:26:00,1
78.7,-0.6,2019-11-10 04:27:00,1
78.7,-0.6,2019-11-10 04:28:00,1
79.3,-0.6,2019-11-10 04:29:00,1
79.0,-0.6,2019-11-10 04:30:00,1
78.6,-0.6,2019-11-10 04:31:00,1
78.8,-0.6,2019-11-10 04:32:00,1
78.7,-0.6,2019-11-10 04:33:00,1
78.4,-0.6,2019-11-10 04:34:00,1
78.6,-0.6,2019-11-10 04:35:00,1
78.6,-0.5,2019-11-10 04:36:00,1
78.7,-0.5,2019-11-10 04:37:00,1
78.7,-0.5,2019-11-10 04:38:00,1
78.9,-0.4,2019-11-10 04:39:00,1
79.0,-0.4,2019-11-10 04:40:00,1
79.0,-0.5,2019-11-10 04:41:00,1
78.8,-0.5,2019-11-10 04:42:00,1
78.6,-0.5,2019-11-10 04:43:00,1
78.7,-0.5,2019-11-10 04:44:00,1
78.6,-0.5,2019-11-10 04:45:00,1
79.0,-0.5,2019-11-10 04:46:00,1
79.1,-0.5,2019-11-10 04:47:00,1
79.2,-0.5,2019-11-10 04:48:00,1
79.5,-0.4,2019-11-10 04:49:00,1
79.9,-0.4,2019-11-10 04:50:00,1
79.8,-0.4,2019-11-10 04:51:00,1
79.4,-0.4,2019-11-10 04:52:00,1
79.4,-0.4,2019-11-10 04:53:00,1
79.1,-0.4,2019-11-10 04:54:00,1
79.0,-0.4,2019-11-10 04:55:00,1
79.2,-0.4,2019-11-10 04:56:00,1
78.9,-0.4,2019-11-10 04:57:00,1
79.1,-0.4,2019-11-10 04:58:00,1
79.4,-0.4,2019-11-10 04:59:00,1
79.4,-0.4,2019-11-10 05:00:00,1
79.6,-0.4,2019-11-10 05:01:00,1
79.3,-0.4,2019-11-10 05:02:00,1
79.1,-0.4,2019-11-10 05:03:00,1
78.8,-0.4,2019-11-10 05:04:00,1
78.7,-0.4,2019-11-10 05:05:00,1
78.8,-0.4,2019-11-10 05:06:00,1
79.1,-0.4,2019-11-10 05:07:00,1
79.2,-0.4,2019-11-10 05:08:00,1
79.2,-0.3,2019-11-10 05:09:00,1
79.3,-0.3,2019-11-10 05:10:00,1
79.4,-0.3,2019-11-10 05:11:00,1
79.2,-0.3,2019-11-10 05:12:00,1
79.3,-0.3,2019-11-10 05:13:00,1
79.5,-0.3,2019-11-10 05:14:00,1
79.3,-0.3,2019-11-10 05:15:00,1
79.2,-0.3,2019-11-10 05:16:00,1
79.4,-0.3,2019-11-10 05:17:00,1
79.2,-0.3,2019-11-10 05:18:00,1
79.1,-0.3,2019-11-10 05:19:00,1
79.4,-0.3,2019-11-10 05:20:00,1
79.5,-0.3,2019-11-10 05:21:00,1
79.2,-0.3,2019-11-10 05:22:00,1
79.7,-0.3,2019-11-10 05:23:00,1
79.5,-0.3,2019-11-10 05:24:00,1
79.7,-0.3,2019-11-10 05:25:00,1
79.5,-0.3,2019-11-10 05:26:00,1
79.7,-0.4,2019-11-10 05:27:00,1
79.9,-0.4,2019-11-10 05:28:00,1
79.9,-0.4,2019-11-10 05:29:00,1
79.7,-0.4,2019-11-10 05:30:00,1
79.5,-0.3,2019-11-10 05:31:00,1
79.3,-0.3,2019-11-10 05:32:00,1
79.3,-0.3,2019-11-10 05:33:00,1
79.4,-0.3,2019-11-10 05:34:00,1
79.1,-0.3,2019-11-10 05:35:00,1
79.5,-0.3,2019-11-10 05:36:00,1
79.5,-0.3,2019-11-10 05:37:00,1
79.5,-0.3,2019-11-10 05:38:00,1
79.9,-0.3,2019-11-10 05:39:00,1
80.0,-0.4,2019-11-10 05:40:00,1
79.9,-0.4,2019-11-10 05:41:00,1
79.6,-0.4,2019-11-10 05:42:00,1
79.6,-0.4,2019-11-10 05:43:00,1
79.5,-0.4,2019-11-10 05:44:00,1
79.9,-0.4,2019-11-10 05:45:00,1
79.6,-0.3,2019-11-10 05:46:00,1
79.4,-0.3,2019-11-10 05:47:00,1
79.4,-0.3,2019-11-10 05:48:00,1
79.5,-0.3,2019-11-10 05:49:00,1
79.6,-0.3,2019-11-10 05:50:00,1
79.5,-0.3,2019-11-10 05:51:00,1
79.8,-0.3,2019-11-10 05:52:00,1
80.0,-0.3,2019-11-10 05:53:00,1
79.6,-0.3,2019-11-10 05:54:00,1
79.6,-0.3,2019-11-10 05:55:00,1
79.9,-0.3,2019-11-10 05:56:00,1
79.6,-0.3,2019-11-10 05:57:00,1
79.6,-0.2,2019-11-10 05:58:00,1
79.7,-0.2,2019-11-10 05:59:00,1
79.7,-0.1,2019-11-10 06:00:00,1
79.7,-0.2,2019-11-10 06:01:00,1
79.5,-0.2,2019-11-10 06:02:00,1
79.7,-0.2,2019-11-10 06:03:00,1
79.9,-0.2,2019-11-10 06:04:00,1
79.9,-0.1,2019-11-10 06:05:00,1
79.6,-0.1,2019-11-10 06:06:00,1
79.4,-0.1,2019-11-10 06:07:00,1
79.3,-0.1,2019-11-10 06:08:00,1
79.3,-0.1,2019-11-10 06:09:00,1
79.1,-0.1,2019-11-10 06:10:00,1
79.1,-0.1,2019-11-10 06:11:00,1
79.4,-0.1,2019-11-10 06:12:00,1
79.5,-0.2,2019-11-10 06:13:00,1
79.4,-0.2,2019-11-10 06:14:00,1
79.5,-0.2,2019-11-10 06:15:00,1
79.7,-0.2,2019-11-10 06:16:00,1
79.6,-0.2,2019-11-10 06:17:00,1
79.6,-0.2,2019-11-10 06:18:00,1
79.8,-0.2,2019-11-10 06:19:00,1
79.9,-0.2,2019-11-10 06:20:00,1
79.6,-0.2,2019-11-10 06:21:00,1
79.8,-0.1,2019-11-10 06:22:00,1
79.6,-0.1,2019-11-10 06:23:00,1
79.3,-0.1,2019-11-10 06:24:00,1
79.6,-0.1,2019-11-10 06:25:00,1
79.8,-0.1,2019-11-10 06:26:00,1
79.9,-0.1,2019-11-10 06:27:00,1
80.0,-0.2,2019-11-10 06:28:00,1
80.2,-0.2,2019-11-10 06:29:00,1
79.9,-0.2,2019-11-10 06:30:00,1
79.8,-0.2,2019-11-10 06:31:00,1
79.9,-0.2,2019-11-10 06:32:00,1
79.9,-0.2,2019-11-10 06:33:00,1
79.9,-0.2,2019-11-10 06:34:00,1
79.9,-0.2,2019-11-10 06:35:00,1
79.9,-0.2,2019-11-10 06:36:00,1
80.2,-0.2,2019-11-10 06:37:00,1
80.0,-0.2,2019-11-10 06:38:00,1
80.1,-0.2,2019-11-10 06:39:00,1
80.1,-0.2,2019-11-10 06:40:00,1
80.0,-0.2,2019-11-10 06:41:00,1
79.8,-0.2,2019-11-10 06:42:00,1
80.2,-0.2,2019-11-10 06:43:00,1
80.1,-0.2,2019-11-10 06:44:00,1
80.1,-0.2,2019-11-10 06:45:00,1
80.3,-0.1,2019-11-10 06:46:00,1
80.4,-0.1,2019-11-10 06:47:00,1
80.1,0.0,2019-11-10 06:48:00,1
79.9,0.0,2019-11-10 06:49:00,1
80.0,-0.1,2019-11-10 06:50:00,1
80.1,-0.1,2019-11-10 06:51:00,1
79.7,-0.1,2019-11-10 06:52:00,1
79.9,-0.1,2019-11-10 06:53:00,1
80.2,-0.1,2019-11-10 06:54:00,1
80.0,-0.2,2019-11-10 06:55:00,1
80.3,-0.2,2019-11-10 06:56:00,1
80.1,-0.2,2019-11-10 06:57:00,1
80.2,-0.2,2019-11-10 06:58:00,1
80.2,-0.2,2019-11-10 06:59:00,1
80.1,-0.2,2019-11-10 07:00:00,1
80.2,-0.2,2019-11-10 07:01:00,1
80.2,-0.2,2019-11-10 07:02:00,1
80.1,-0.2,2019-11-10 07:03:00,1
80.0,-0.2,2019-11-10 07:04:00,1
80.2,-0.2,2019-11-10 07:05:00,1
80.3,-0.2,2019-11-10 07:06:00,1
80.3,-0.2,2019-11-10 07:07:00,1
80.6,-0.2,2019-11-10 07:08:00,1
80.4,-0.1,2019-11-10 07:09:00,1
80.2,-0.1,2019-11-10 07:10:00,1
80.1,-0.1,2019-11-10 07:11:00,1
80.1,-0.1,2019-11-10 07:12:00,1
80.3,-0.1,2019-11-10 07:13:00,1
80.5,-0.1,2019-11-10 07:14:00,1
80.5,-0.1,2019-11-10 07:15:00,1
80.5,0.0,2019-11-10 07:16:00,1
80.6,0.0,2019-11-10 07:17:00,1
80.6,-0.1,2019-11-10 07:18:00,1
80.8,-0.1,2019-11-10 07:19:00,1
80.8,-0.1,2019-11-10 07:20:00,1
80.7,0.0,2019-11-10 07:21:00,1
80.8,0.0,2019-11-10 07:22:00,1
80.4,0.0,2019-11-10 07:23:00,1
80.7,0.0,2019-11-10 07:24:00,1
81.0,0.0,2019-11-10 07:25:00,1
81.5,0.2,2019-11-10 07:26:00,1
81.3,0.3,2019-11-10 07:27:00,1
81.2,0.4,2019-11-10 07:28:00,1
81.1,0.4,2019-11-10 07:29:00,1
80.6,0.4,2019-11-10 07:30:00,1
80.7,0.4,2019-11-10 07:31:00,1
80.7,0.4,2019-11-10 07:32:00,1
81.0,0.5,2019-11-10 07:33:00,1
81.2,0.5,2019-11-10 07:34:00,1
81.2,0.6,2019-11-10 07:35:00,1
81.2,0.6,2019-11-10 07:36:00,1
81.3,0.7,2019-11-10 07:37:00,1
81.9,0.9,2019-11-10 07:38:00,1
81.4,1.1,2019-11-10 07:39:00,1
81.3,1.2,2019-11-10 07:40:00,1
81.2,1.3,2019-11-10 07:41:00,1
81.0,1.5,2019-11-10 07:42:00,1
79.8,1.4,2019-11-10 07:43:00,1
80.2,1.4,2019-11-10 07:44:00,1
80.5,1.5,2019-11-10 07:45:00,1
80.8,1.6,2019-11-10 07:46:00,1
80.6,1.7,2019-11-10 07:47:00,1
80.5,1.8,2019-11-10 07:48:00,1
80.0,1.8,2019-11-10 07:49:00,1
80.1,1.8,2019-11-10 07:50:00,1
80.3,1.8,2019-11-10 07:51:00,1
80.3,2.0,2019-11-10 07:52:00,1
80.0,2.1,2019-11-10 07:53:00,1
79.3,2.1,2019-11-10 07:54:00,1
79.4,2.0,2019-11-10 07:55:00,1
80.0,2.2,2019-11-10 07:56:00,1
79.9,2.4,2019-11-10 07:57:00,1
79.6,2.5,2019-11-10 07:58:00,1
79.5,2.5,2019-11-10 07:59:00,1
79.9,2.6,2019-11-10 08:00:00,1
79.6,2.8,2019-11-10 08:01:00,1
79.3,3.1,2019-11-10 08:02:00,1
79.1,3.3,2019-11-10 08:03:00,1
78.8,3.6,2019-11-10 08:04:00,1
78.8,3.8,2019-11-10 08:05:00,1
77.3,3.7,2019-11-10 08:06:00,1
77.4,3.5,2019-11-10 08:07:00,1
77.4,3.6,2019-11-10 08:08:00,1
77.4,3.8,2019-11-10 08:09:00,1
77.1,3.9,2019-11-10 08:10:00,1
76.8,4.0,2019-11-10 08:11:00,1
77.2,4.2,2019-11-10 08:12:00,1
76.8,4.4,2019-11-10 08:13:00,1
75.8,4.7,2019-11-10 08:14:00,1
75.8,4.8,2019-11-10 08:15:00,1
75.6,4.9,2019-11-10 08:16:00,1
76.1,5.0,2019-11-10 08:17:00,1
75.3,5.0,2019-11-10 08:18:00,1
75.7,5.1,2019-11-10 08:19:00,1
75.6,5.3,2019-11-10 08:20:00,1
75.1,5.4,2019-11-10 08:21:00,1
74.5,5.6,2019-11-10 08:22:00,1
73.6,5.7,2019-11-10 08:23:00,1
73.4,5.8,2019-11-10 08:24:00,1
73.6,5.8,2019-11-10 08:25:00,1
73.8,5.8,2019-11-10 08:26:00,1
72.9,5.8,2019-11-10 08:27:00,1
73.0,5.8,2019-11-10 08:28:00,1
72.7,5.8,2019-11-10 08:29:00,1
72.9,5.9,2019-11-10 08:30:00,1
73.0,6.1,2019-11-10 08:31:00,1
72.7,6.2,2019-11-10 08:32:00,1
72.3,6.3,2019-11-10 08:33:00,1
72.0,6.3,2019-11-10 08:34:00,1
71.4,6.5,2019-11-10 08:35:00,1
70.3,6.5,2019-11-10 08:36:00,1
69.7,6.5,2019-11-10 08:37:00,1
70.0,6.6,2019-11-10 08:38:00,1
70.0,6.6,2019-11-10 08:39:00,1
69.6,6.7,2019-11-10 08:40:00,1
69.4,6.7,2019-11-10 08:41:00,1
68.9,6.7,2019-11-10 08:42:00,1
69.0,6.8,2019-11-10 08:43:00,1
68.7,7.0,2019-11-10 08:44:00,1
68.2,7.1,2019-11-10 08:45:00,1
68.4,7.1,2019-11-10 08:46:00,1
67.4,7.2,2019-11-10 08:47:00,1
68.1,7.2,2019-11-10 08:48:00,1
67.9,7.2,2019-11-10 08:49:00,1
67.7,7.2,2019-11-10 08:50:00,1
67.1,7.3,2019-11-10 08:51:00,1
66.9,7.3,2019-11-10 08:52:00,1
66.7,7.3,2019-11-10 08:53:00,1
66.7,7.3,2019-11-10 08:54:00,1
67.0,7.3,2019-11-10 08:55:00,1
67.7,7.3,2019-11-10 08:56:00,1
67.4,7.4,2019-11-10 08:57:00,1
66.8,7.4,2019-11-10 08:58:00,1
67.0,7.4,2019-11-10 08:59:00,1
67.1,7.5,2019-11-10 09:00:00,1
66.7,7.6,2019-11-10 09:01:00,1
65.6,7.7,2019-11-10 09:02:00,1
65.2,7.8,2019-11-10 09:03:00,1
65.1,7.8,2019-11-10 09:04:00,1
64.9,7.9,2019-11-10 09:05:00,1
64.6,8.0,2019-11-10 09:06:00,1
64.7,8.1,2019-11-10 09:07:00,1
64.3,8.0,2019-11-10 09:08:00,1
64.2,8.1,2019-11-10 09:09:00,1
64.5,8.2,2019-11-10 09:10:00,1
63.1,8.3,2019-11-10 09:11:00,1
62.6,8.3,2019-11-10 09:12:00,1
62.9,8.4,2019-11-10 09:13:00,1
62.0,8.5,2019-11-10 09:14:00,1
62.0,8.5,2019-11-10 09:15:00,1
61.8,8.6,2019-11-10 09:16:00,1
61.7,8.7,2019-11-10 09:17:00,1
61.8,8.7,2019-11-10 09:18:00,1
61.9,8.7,2019-11-10 09:19:00,1
61.7,8.7,2019-11-10 09:20:00,1
61.5,8.7,2019-11-10 09:21:00,1
61.1,8.8,2019-11-10 09:22:00,1
60.5,8.8,2019-11-10 09:23:00,1
61.0,8.8,2019-11-10 09:24:00,1
61.4,8.9,2019-11-10 09:25:00,1
61.2,9.0,2019-11-10 09:26:00,1
61.5,9.0,2019-11-10 09:27:00,1
61.4,9.1,2019-11-10 09:28:00,1
60.4,9.2,2019-11-10 09:29:00,1
59.7,9.2,2019-11-10 09:30:00,1
59.4,9.2,2019-11-10 09:31:00,1
60.2,9.3,2019-11-10 09:32:00,1
59.8,9.4,2019-11-10 09:33:00,1
60.0,9.4,2019-11-10 09:34:00,1
59.4,9.4,2019-11-10 09:35:00,1
58.8,9.5,2019-11-10 09:36:00,1
58.5,9.5,2019-11-10 09:37:00,1
58.1,9.5,2019-11-10 09:38:00,1
58.4,9.5,2019-11-10 09:39:00,1
57.7,9.6,2019-11-10 09:40:00,1
58.1,9.6,2019-11-10 09:41:00,1
58.1,9.7,2019-11-10 09:42:00,1
58.0,9.7,2019-11-10 09:43:00,1
57.2,9.8,2019-11-10 09:44:00,1
57.3,9.8,2019-11-10 09:45:00,1
57.2,9.8,2019-11-10 09:46:00,1
57.1,9.8,2019-11-10 09:47:00,1
58.1,9.8,2019-11-10 09:48:00,1
58.1,9.8,2019-11-10 09:49:00,1
58.5,9.9,2019-11-10 09:50:00,1
58.6,9.9,2019-11-10 09:51:00,1
58.4,10.0,2019-11-10 09:52:00,1
58.6,10.1,2019-11-10 09:53:00,1
58.3,10.1,2019-11-10 09:54:00,1
58.4,10.1,2019-11-10 09:55:00,1
59.3,10.2,2019-11-10 09:56:00,1
57.9,10.2,2019-11-10 09:57:00,1
57.9,10.3,2019-11-10 09:58:00,1
57.5,10.3,2019-11-10 09:59:00,1
56.5,10.4,2019-11-10 10:00:00,1
57.3,10.5,2019-11-10 10:01:00,1
57.0,10.6,2019-11-10 10:02:00,1
56.9,10.6,2019-11-10 10:03:00,1
56.6,10.7,2019-11-10 10:04:00,1
56.1,10.7,2019-11-10 10:05:00,1
55.4,10.7,2019-11-10 10:06:00,1
55.5,10.7,2019-11-10 10:07:00,1
55.4,10.7,2019-11-10 10:08:00,1
54.4,10.7,2019-11-10 10:09:00,1
55.0,10.7,2019-11-10 10:10:00,1
55.5,10.7,2019-11-10 10:11:00,1
55.4,10.7,2019-11-10 10:12:00,1
54.6,10.7,2019-11-10 10:13:00,1
54.7,10.7,2019-11-10 10:14:00,1
54.8,10.7,2019-11-10 10:15:00,1
55.2,10.7,2019-11-10 10:16:00,1
55.1,10.7,2019-11-10 10:17:00,1
55.1,10.7,2019-11-10 10:18:00,1
54.9,10.7,2019-11-10 10:19:00,1
54.7,10.7,2019-11-10 10:20:00,1
55.1,10.7,2019-11-10 10:21:00,1
54.8,10.8,2019-11-10 10:22:00,1
54.9,10.8,2019-11-10 10:23:00,1
55.3,10.8,2019-11-10 10:24:00,1
54.6,10.8,2019-11-10 10:25:00,1
54.2,10.8,2019-11-10 10:26:00,1
54.3,10.8,2019-11-10 10:27:00,1
54.3,10.8,2019-11-10 10:28:00,1
54.3,10.9,2019-11-10 10:29:00,1
55.1,10.9,2019-11-10 10:30:00,1
55.3,10.9,2019-11-10 10:31:00,1
55.5,10.9,2019-11-10 10:32:00,1
55.9,10.9,2019-11-10 10:33:00,1
55.5,11.0,2019-11-10 10:34:00,1
55.3,11.0,2019-11-10 10:35:00,1
54.6,11.0,2019-11-10 10:36:00,1
54.6,11.1,2019-11-10 10:37:00,1
54.3,11.1,2019-11-10 10:38:00,1
54.5,11.1,2019-11-10 10:39:00,1
54.4,11.1,2019-11-10 10:40:00,1
53.7,11.1,2019-11-10 10:41:00,1
53.8,11.2,2019-11-10 10:42:00,1
54.4,11.2,2019-11-10 10:43:00,1
54.3,11.2,2019-11-10 10:44:00,1
53.7,11.3,2019-11-10 10:45:00,1
54.7,11.3,2019-11-10 10:46:00,1
53.7,11.4,2019-11-10 10:47:00,1
53.3,11.4,2019-11-10 10:48:00,1
53.2,11.4,2019-11-10 10:49:00,1
53.5,11.5,2019-11-10 10:50:00,1
53.1,11.5,2019-11-10 10:51:00,1
53.4,11.5,2019-11-10 10:52:00,1
52.7,11.5,2019-11-10 10:53:00,1
52.3,11.5,2019-11-10 10:54:00,1
52.9,11.5,2019-11-10 10:55:00,1
52.8,11.6,2019-11-10 10:56:00,1
52.7,11.6,2019-11-10 10:57:00,1
52.5,11.6,2019-11-10 10:58:00,1
52.8,11.6,2019-11-10 10:59:00,1
53.5,11.7,2019-11-10 11:00:00,1
54.1,11.8,2019-11-10 11:01:00,1
53.1,11.8,2019-11-10 11:02:00,1
54.1,11.9,2019-11-10 11:03:00,1
53.2,12.0,2019-11-10 11:04:00,1
53.6,12.2,2019-11-10 11:05:00,1
53.7,12.2,2019-11-10 11:06:00,1
52.3,12.3,2019-11-10 11:07:00,1
51.7,12.3,2019-11-10 11:08:00,1
51.4,12.3,2019-11-10 11:09:00,1
51.7,12.3,2019-11-10 11:10:00,1
52.0,12.4,2019-11-10 11:11:00,1
51.2,12.4,2019-11-10 11:12:00,1
51.4,12.4,2019-11-10 11:13:00,1
50.9,12.4,2019-11-10 11:14:00,1
51.2,12.4,2019-11-10 11:15:00,1
50.9,12.4,2019-11-10 11:16:00,1
50.5,12.4,2019-11-10 11:17:00,1
51.1,12.5,2019-11-10 11:18:00,1
51.3,12.6,2019-11-10 11:19:00,1
51.3,12.7,2019-11-10 11:20:00,1
52.4,12.7,2019-11-10 11:21:00,1
51.0,12.8,2019-11-10 11:22:00,1
50.9,12.9,2019-11-10 11:23:00,1
50.3,12.9,2019-11-10 11:24:00,1
49.8,12.9,2019-11-10 11:25:00,1
49.8,12.9,2019-11-10 11:26:00,1
49.9,12.9,2019-11-10 11:27:00,1
50.1,12.9,2019-11-10 11:28:00,1
50.1,13.0,2019-11-10 11:29:00,1
49.9,13.0,2019-11-10 11:30:00,1
49.2,13.0,2019-11-10 11:31:00,1
50.2,13.1,2019-11-10 11:32:00,1
49.8,13.2,2019-11-10 11:33:00,1
49.7,13.3,2019-11-10 11:34:00,1
49.8,13.4,2019-11-10 11:35:00,1
50.0,13.5,2019-11-10 11:36:00,1
50.1,13.6,2019-11-10 11:37:00,1
50.4,13.7,2019-11-10 11:38:00,1
49.4,13.8,2019-11-10 11:39:00,1
49.0,13.8,2019-11-10 11:40:00,1
46.9,13.8,2019-11-10 11:41:00,1
47.5,13.8,2019-11-10 11:42:00,1
47.4,13.8,2019-11-10 11:43:00,1
47.6,13.9,2019-11-10 11:44:00,1
45.9,14.0,2019-11-10 11:45:00,1
45.9,14.0,2019-11-10 11:46:00,1
46.5,14.0,2019-11-10 11:47:00,1
46.1,14.0,2019-11-10 11:48:00,1
46.3,14.0,2019-11-10 11:49:00,1
46.0,14.1,2019-11-10 11:50:00,1
46.3,14.1,2019-11-10 11:51:00,1
46.1,14.1,2019-11-10 11:52:00,1
45.9,14.2,2019-11-10 11:53:00,1
46.0,14.2,2019-11-10 11:54:00,1
46.4,14.3,2019-11-10 11:55:00,1
46.2,14.3,2019-11-10 11:56:00,1
45.5,14.4,2019-11-10 11:57:00,1
45.5,14.4,2019-11-10 11:58:00,1
45.4,14.4,2019-11-10 11:59:00,1
45.6,14.4,2019-11-10 12:00:00,1
45.4,14.4,2019-11-10 12:01:00,1
45.9,14.5,2019-11-10 12:02:00,1
44.8,14.5,2019-11-10 12:03:00,1
44.6,14.5,2019-11-10 12:04:00,1
44.8,14.5,2019-11-10 12:05:00,1
44.7,14.5,2019-11-10 12:06:00,1
45.1,14.4,2019-11-10 12:07:00,1
45.6,14.5,2019-11-10 12:08:00,1
44.8,14.5,2019-11-10 12:09:00,1
44.1,14.6,2019-11-10 12:10:00,1
44.7,14.6,2019-11-10 12:11:00,1
44.3,14.6,2019-11-10 12:12:00,1
44.8,14.7,2019-11-10 12:13:00,1
44.7,14.7,2019-11-10 12:14:00,1
44.7,14.7,2019-11-10 12:15:00,1
43.9,14.8,2019-11-10 12:16:00,1
44.3,14.8,2019-11-10 12:17:00,1
43.9,14.8,2019-11-10 12:18:00,1
43.6,14.8,2019-11-10 12:19:00,1
43.8,14.9,2019-11-10 12:20:00,1
43.5,14.9,2019-11-10 12:21:00,1
43.9,14.9,2019-11-10 12:22:00,1
43.6,15.0,2019-11-10 12:23:00,1
43.9,15.0,2019-11-10 12:24:00,1
44.2,15.1,2019-11-10 12:25:00,1
45.3,15.2,2019-11-10 12:26:00,1
44.5,15.3,2019-11-10 12:27:00,1
44.2,15.3,2019-11-10 12:28:00,1
44.2,15.4,2019-11-10 12:29:00,1
43.2,15.5,2019-11-10 12:30:00,1
43.2,15.5,2019-11-10 12:31:00,1
43.0,15.5,2019-11-10 12:32:00,1
42.8,15.5,2019-11-10 12:33:00,1
42.3,15.5,2019-11-10 12:34:00,1
42.0,15.5,2019-11-10 12:35:00,1
42.9,15.5,2019-11-10 12:36:00,1
42.9,15.6,2019-11-10 12:37:00,1
43.4,15.6,2019-11-10 12:38:00,1
43.2,15.7,2019-11-10 12:39:00,1
43.3,15.8,2019-11-10 12:40:00,1
43.3,15.8,2019-11-10 12:41:00,1
42.9,15.7,2019-11-10 12:42:00,1
43.3,15.7,2019-11-10 12:43:00,1
44.0,15.8,2019-11-10 12:44:00,1
43.8,15.9,2019-11-10 12:45:00,1
43.5,15.9,2019-11-10 12:46:00,1
44.1,16.0,2019-11-10 12:47:00,1
43.4,16.0,2019-11-10 12:48:00,1
43.4,16.1,2019-11-10 12:49:00,1
42.4,16.1,2019-11-10 12:50:00,1
42.3,16.0,2019-11-10 12:51:00,1
42.8,16.1,2019-11-10 12:52:00,1
43.2,16.1,2019-11-10 12:53:00,1
42.7,16.1,2019-11-10 12:54:00,1
42.6,16.1,2019-11-10 12:55:00,1
42.7,16.1,2019-11-10 12:56:00,1
42.2,16.1,2019-11-10 12:57:00,1
42.1,16.1,2019-11-10 12:58:00,1
42.6,16.1,2019-11-10 12:59:00,1
41.7,16.1,2019-11-10 13:00:00,1
42.2,16.1,2019-11-10 13:01:00,1
42.9,16.2,2019-11-10 13:02:00,1
43.1,16.3,2019-11-10 13:03:00,1
42.6,16.4,2019-11-10 13:04:00,1
42.9,16.5,2019-11-10 13:05:00,1
42.6,16.5,2019-11-10 13:06:00,1
42.7,16.6,2019-11-10 13:07:00,1
42.4,16.6,2019-11-10 13:08:00,1
41.6,16.6,2019-11-10 13:09:00,1
40.9,16.6,2019-11-10 13:10:00,1
41.7,16.7,2019-11-10 13:11:00,1
41.7,16.7,2019-11-10 13:12:00,1
42.4,16.8,2019-11-10 13:13:00,1
41.9,16.8,2019-11-10 13:14:00,1
42.4,16.8,2019-11-10 13:15:00,1
41.1,16.9,2019-11-10 13:16:00,1
41.5,16.9,2019-11-10 13:17:00,1
40.8,16.9,2019-11-10 13:18:00,1
41.5,17.0,2019-11-10 13:19:00,1
41.4,17.0,2019-11-10 13:20:00,1
40.8,17.0,2019-11-10 13:21:00,1
41.0,17.0,2019-11-10 13:22:00,1
40.9,17.0,2019-11-10 13:23:00,1
40.7,17.0,2019-11-10 13:24:00,1
40.3,17.0,2019-11-10 13:25:00,1
40.4,17.0,2019-11-10 13:26:00,1
40.7,16.9,2019-11-10 13:27:00,1
41.1,17.0,2019-11-10 13:28:00,1
41.1,17.0,2019-11-10 13:29:00,1
41.6,17.2,2019-11-10 13:30:00,1
40.6,17.2,2019-11-10 13:31:00,1
41.2,17.2,2019-11-10 13:32:00,1
40.1,17.3,2019-11-10 13:33:00,1
39.9,17.3,2019-11-10 13:34:00,1
39.9,17.3,2019-11-10 13:35:00,1
40.3,17.4,2019-11-10 13:36:00,1
40.0,17.4,2019-11-10 13:37:00,1
38.9,17.3,2019-11-10 13:38:00,1
38.2,17.3,2019-11-10 13:39:00,1
39.0,17.4,2019-11-10 13:40:00,1
38.9,17.4,2019-11-10 13:41:00,1
38.5,17.4,2019-11-10 13:42:00,1
39.0,17.4,2019-11-10 13:43:00,1
39.5,17.5,2019-11-10 13:44:00,1
39.4,17.5,2019-11-10 13:45:00,1
39.2,17.5,2019-11-10 13:46:00,1
38.2,17.5,2019-11-10 13:47:00,1
37.2,17.5,2019-11-10 13:48:00,1
37.9,17.5,2019-11-10 13:49:00,1
38.0,17.5,2019-11-10 13:50:00,1
38.1,17.5,2019-11-10 13:51:00,1
37.9,17.5,2019-11-10 13:52:00,1
37.2,17.4,2019-11-10 13:53:00,1
37.5,17.4,2019-11-10 13:54:00,1
37.6,17.4,2019-11-10 13:55:00,1
37.2,17.3,2019-11-10 13:56:00,1
38.1,17.4,2019-11-10 13:57:00,1
37.9,17.4,2019-11-10 13:58:00,1
38.0,17.4,2019-11-10 13:59:00,1
38.0,17.4,2019-11-10 14:00:00,1
37.8,17.5,2019-11-10 14:01:00,1
37.7,17.5,2019-11-10 14:02:00,1
37.8,17.5,2019-11-10 14:03:00,1
38.0,17.5,2019-11-10 14:04:00,1
37.6,17.5,2019-11-10 14:05:00,1
38.1,17.5,2019-11-10 14:06:00,1
38.0,17.6,2019-11-10 14:07:00,1
38.4,17.7,2019-11-10 14:08:00,1
38.8,17.7,2019-11-10 14:09:00,1
38.8,17.7,2019-11-10 14:10:00,1
38.5,17.8,2019-11-10 14:11:00,1
38.0,17.8,2019-11-10 14:12:00,1
37.6,17.8,2019-11-10 14:13:00,1
38.1,17.8,2019-11-10 14:14:00,1
38.9,17.8,2019-11-10 14:15:00,1
38.5,17.8,2019-11-10 14:16:00,1
38.8,17.9,2019-11-10 14:17:00,1
38.5,18.0,2019-11-10 14:18:00,1
38.8,18.0,2019-11-10 14:19:00,1
38.5,18.0,2019-11-10 14:20:00,1
38.8,18.0,2019-11-10 14:21:00,1
38.4,18.1,2019-11-10 14:22:00,1
38.4,18.1,2019-11-10 14:23:00,1
38.4,18.2,2019-11-10 14:24:00,1
37.9,18.2,2019-11-10 14:25:00,1
37.9,18.2,2019-11-10 14:26:00,1
38.2,18.2,2019-11-10 14:27:00,1
38.6,18.2,2019-11-10 14:28:00,1
38.6,18.3,2019-11-10 14:29:00,1
38.0,18.3,2019-11-10 14:30:00,1
38.0,18.3,2019-11-10 14:31:00,1
38.1,18.3,2019-11-10 14:32:00,1
38.0,18.3,2019-11-10 14:33:00,1
37.8,18.3,2019-11-10 14:34:00,1
37.7,18.3,2019-11-10 14:35:00,1
37.8,18.3,2019-11-10 14:36:00,1
37.5,18.3,2019-11-10 14:37:00,1
37.9,18.4,2019-11-10 14:38:00,1
37.6,18.4,2019-11-10 14:39:00,1
38.2,18.4,2019-11-10 14:40:00,1
38.0,18.4,2019-11-10 14:41:00,1
37.6,18.4,2019-11-10 14:42:00,1
37.5,18.5,2019-11-10 14:43:00,1
38.0,18.4,2019-11-10 14:44:00,1
37.8,18.5,2019-11-10 14:45:00,1
37.7,18.5,2019-11-10 14:46:00,1
37.0,18.5,2019-11-10 14:47:00,1
37.0,18.5,2019-11-10 14:48:00,1
36.7,18.5,2019-11-10 14:49:00,1
36.8,18.5,2019-11-10 14:50:00,1
36.9,18.5,2019-11-10 14:51:00,1
37.3,18.5,2019-11-10 14:52:00,1
36.8,18.5,2019-11-10 14:53:00,1
37.7,18.5,2019-11-10 14:54:00,1
37.5,18.6,2019-11-10 14:55:00,1
37.2,18.6,2019-11-10 14:56:00,1
37.4,18.6,2019-11-10 14:57:00,1
37.6,18.6,2019-11-10 14:58:00,1
37.0,18.5,2019-11-10 14:59:00,1
36.6,18.5,2019-11-10 15:00:00,1
36.8,18.5,2019-11-10 15:01:00,1
37.0,18.6,2019-11-10 15:02:00,1
36.8,18.6,2019-11-10 15:03:00,1
37.3,18.5,2019-11-10 15:04:00,1
37.1,18.5,2019-11-10 15:05:00,1
37.5,18.6,2019-11-10 15:06:00,1
36.8,18.6,2019-11-10 15:07:00,1
36.8,18.6,2019-11-10 15:08:00,1
36.8,18.5,2019-11-10 15:09:00,1
36.7,18.5,2019-11-10 15:10:00,1
36.8,18.5,2019-11-10 15:11:00,1
37.2,18.5,2019-11-10 15:12:00,1
37.5,18.5,2019-11-10 15:13:00,1
37.4,18.6,2019-11-10 15:14:00,1
37.1,18.6,2019-11-10 15:15:00,1
37.1,18.6,2019-11-10 15:16:00,1
37.1,18.6,2019-11-10 15:17:00,1
36.3,18.6,2019-11-10 15:18:00,1
36.7,18.6,2019-11-10 15:19:00,1
37.0,18.6,2019-11-10 15:20:00,1
36.5,18.6,2019-11-10 15:21:00,1
36.3,18.6,2019-11-10 15:22:00,1
36.4,18.6,2019-11-10 15:23:00,1
36.1,18.6,2019-11-10 15:24:00,1
36.3,18.6,2019-11-10 15:25:00,1
36.2,18.6,2019-11-10 15:26:00,1
36.3,18.6,2019-11-10 15:27:00,1
36.1,18.6,2019-11-10 15:28:00,1
35.6,18.5,2019-11-10 15:29:00,1
35.3,18.5,2019-11-10 15:30:00,1
35.7,18.5,2019-11-10 15:31:00,1
35.0,18.5,2019-11-10 15:32:00,1
35.3,18.5,2019-11-10 15:33:00,1
35.1,18.5,2019-11-10 15:34:00,1
35.2,18.5,2019-11-10 15:35:00,1
34.9,18.5,2019-11-10 15:36:00,1
35.4,18.4,2019-11-10 15:37:00,1
35.6,18.4,2019-11-10 15:38:00,1
35.3,18.4,2019-11-10 15:39:00,1
35.5,18.4,2019-11-10 15:40:00,1
35.6,18.3,2019-11-10 15:41:00,1
35.7,18.4,2019-11-10 15:42:00,1
35.0,18.4,2019-11-10 15:43:00,1
35.2,18.4,2019-11-10 15:44:00,1
35.3,18.3,2019-11-10 15:45:00,1
35.4,18.3,2019-11-10 15:46:00,1
35.6,18.3,2019-11-10 15:47:00,1
35.9,18.3,2019-11-10 15:48:00,1
35.7,18.3,2019-11-10 15:49:00,1
35.4,18.3,2019-11-10 15:50:00,1
35.4,18.4,2019-11-10 15:51:00,1
36.2,18.3,2019-11-10 15:52:00,1
36.7,18.3,2019-11-10 15:53:00,1
37.3,18.3,2019-11-10 15:54:00,1
37.7,18.2,2019-11-10 15:55:00,1
38.1,18.2,2019-11-10 15:56:00,1
38.4,18.2,2019-11-10 15:57:00,1
38.3,18.1,2019-11-10 15:58:00,1
38.4,18.1,2019-11-10 15:59:00,1
38.6,18.0,2019-11-10 16:00:00,1
38.7,18.0,2019-11-10 16:01:00,1
38.8,17.9,2019-11-10 16:02:00,1
38.8,17.9,2019-11-10 16:03:00,1
38.7,17.9,2019-11-10 16:04:00,1
38.8,17.8,2019-11-10 16:05:00,1
38.9,17.8,2019-11-10 16:06:00,1
39.3,17.8,2019-11-10 16:07:00,1
39.6,17.8,2019-11-10 16:08:00,1
39.5,17.8,2019-11-10 16:09:00,1
39.5,17.7,2019-11-10 16:10:00,1
39.7,17.7,2019-11-10 16:11:00,1
39.6,17.6,2019-11-10 16:12:00,1
39.6,17.6,2019-11-10 16:13:00,1
39.7,17.5,2019-11-10 16:14:00,1
40.0,17.5,2019-11-10 16:15:00,1
40.0,17.5,2019-11-10 16:16:00,1
40.1,17.5,2019-11-10 16:17:00,1
40.0,17.5,2019-11-10 16:18:00,1
40.0,17.4,2019-11-10 16:19:00,1
40.2,17.3,2019-11-10 16:20:00,1
40.3,17.3,2019-11-10 16:21:00,1
40.2,17.3,2019-11-10 16:22:00,1
40.0,17.3,2019-11-10 16:23:00,1
40.2,17.2,2019-11-10 16:24:00,1
40.3,17.2,2019-11-10 16:25:00,1
40.3,17.2,2019-11-10 16:26:00,1
40.4,17.1,2019-11-10 16:27:00,1
40.4,17.1,2019-11-10 16:28:00,1
40.6,17.0,2019-11-10 16:29:00,1
40.6,17.0,2019-11-10 16:30:00,1
40.5,17.0,2019-11-10 16:31:00,1
40.8,16.9,2019-11-10 16:32:00,1
40.7,16.9,2019-11-10 16:33:00,1
40.8,16.8,2019-11-10 16:34:00,1
41.0,16.8,2019-11-10 16:35:00,1
41.1,16.8,2019-11-10 16:36:00,1
41.2,16.8,2019-11-10 16:37:00,1
41.2,16.8,2019-11-10 16:38:00,1
41.5,16.8,2019-11-10 16:39:00,1
41.4,16.7,2019-11-10 16:40:00,1
41.3,16.7,2019-11-10 16:41:00,1
41.6,16.6,2019-11-10 16:42:00,1
41.7,16.6,2019-11-10 16:43:00,1
41.8,16.6,2019-11-10 16:44:00,1
41.8,16.6,2019-11-10 16:45:00,1
41.8,16.5,2019-11-10 16:46:00,1
42.1,16.5,2019-11-10 16:47:00,1
42.1,16.5,2019-11-10 16:48:00,1
42.3,16.4,2019-11-10 16:49:00,1
42.5,16.4,2019-11-10 16:50:00,1
42.5,16.4,2019-11-10 16:51:00,1
42.3,16.3,2019-11-10 16:52:00,1
42.1,16.3,2019-11-10 16:53:00,1
42.2,16.3,2019-11-10 16:54:00,1
42.1,16.3,2019-11-10 16:55:00,1
42.1,16.2,2019-11-10 16:56:00,1
42.3,16.2,2019-11-10 16:57:00,1
25.8,18.6,2019-11-09 15:00:00,2
26.7,17.7,2019-11-09 15:01:00,2
26.2,16.6,2019-11-09 15:02:00,2
26.7,15.4,2019-11-09 15:03:00,2
27.7,14.5,2019-11-09 15:04:00,2
28.7,14.0,2019-11-09 15:05:00,2
28.7,13.3,2019-11-09 15:06:00,2
29.4,12.7,2019-11-09 15:07:00,2
29.9,12.1,2019-11-09 15:08:00,2
30.1,11.6,2019-11-09 15:09:00,2
31.0,11.1,2019-11-09 15:10:00,2
31.3,10.7,2019-11-09 15:11:00,2
32.0,10.4,2019-11-09 15:12:00,2
32.2,10.1,2019-11-09 15:13:00,2
32.7,9.8,2019-11-09 15:14:00,2
32.8,9.6,2019-11-09 15:15:00,2
33.3,9.3,2019-11-09 15:16:00,2
33.6,9.2,2019-11-09 15:17:00,2
34.1,8.9,2019-11-09 15:18:00,2
34.3,8.8,2019-11-09 15:19:00,2
34.0,8.6,2019-11-09 15:20:00,2
34.4,8.4,2019-11-09 15:21:00,2
34.7,8.3,2019-11-09 15:22:00,2
34.5,8.1,2019-11-09 15:23:00,2
34.7,8.0,2019-11-09 15:24:00,2
35.2,7.9,2019-11-09 15:25:00,2
35.2,7.8,2019-11-09 15:26:00,2
35.5,7.7,2019-11-09 15:27:00,2
35.7,7.7,2019-11-09 15:28:00,2
35.8,7.6,2019-11-09 15:29:00,2
36.4,7.6,2019-11-09 15:30:00,2
36.5,7.6,2019-11-09 15:31:00,2
36.8,7.6,2019-11-09 15:32:00,2
36.9,7.6,2019-11-09 15:33:00,2
37.6,7.6,2019-11-09 15:34:00,2
37.8,7.6,2019-11-09 15:35:00,2
37.7,7.6,2019-11-09 15:36:00,2
37.9,7.6,2019-11-09 15:37:00,2
38.1,7.6,2019-11-09 15:38:00,2
38.2,7.6,2019-11-09 15:39:00,2
38.2,7.6,2019-11-09 15:40:00,2
38.2,7.5,2019-11-09 15:41:00,2
37.8,7.5,2019-11-09 15:42:00,2
38.1,7.5,2019-11-09 15:43:00,2
38.4,7.4,2019-11-09 15:44:00,2
38.1,7.4,2019-11-09 15:45:00,2
38.7,7.4,2019-11-09 15:46:00,2
38.5,7.4,2019-11-09 15:47:00,2
38.4,7.4,2019-11-09 15:48:00,2
38.5,7.4,2019-11-09 15:49:00,2
38.8,7.4,2019-11-09 15:50:00,2
38.7,7.4,2019-11-09 15:51:00,2
38.7,7.4,2019-11-09 15:52:00,2
38.6,7.4,2019-11-09 15:53:00,2
38.6,7.4,2019-11-09 15:54:00,2
39.2,7.4,2019-11-09 15:55:00,2
39.2,7.4,2019-11-09 15:56:00,2
39.2,7.4,2019-11-09 15:57:00,2
38.7,7.4,2019-11-09 15:58:00,2
39.0,7.4,2019-11-09 15:59:00,2
39.2,7.4,2019-11-09 16:00:00,2
39.0,7.3,2019-11-09 16:01:00,2
39.1,7.3,2019-11-09 16:02:00,2
39.1,7.3,2019-11-09 16:03:00,2
39.3,7.3,2019-11-09 16:04:00,2
39.6,7.3,2019-11-09 16:05:00,2
39.6,7.3,2019-11-09 16:06:00,2
39.6,7.3,2019-11-09 16:07:00,2
39.4,7.3,2019-11-09 16:08:00,2
39.5,7.3,2019-11-09 16:09:00,2
39.5,7.3,2019-11-09 16:10:00,2
39.5,7.2,2019-11-09 16:11:00,2
39.7,7.2,2019-11-09 16:12:00,2
39.8,7.2,2019-11-09 16:13:00,2
39.7,7.1,2019-11-09 16:14:00,2
39.5,7.1,2019-11-09 16:15:00,2
39.5,7.0,2019-11-09 16:16:00,2
39.6,7.0,2019-11-09 16:17:00,2
39.9,7.0,2019-11-09 16:18:00,2
40.3,7.0,2019-11-09 16:19:00,2
40.4,7.0,2019-11-09 16:20:00,2
40.4,7.0,2019-11-09 16:21:00,2
40.2,7.0,2019-11-09 16:22:00,2
40.2,7.0,2019-11-09 16:23:00,2
40.1,7.0,2019-11-09 16:24:00,2
40.0,6.9,2019-11-09 16:25:00,2
40.0,6.9,2019-11-09 16:26:00,2
40.0,6.9,2019-11-09 16:27:00,2
40.2,6.8,2019-11-09 16:28:00,2
40.4,6.8,2019-11-09 16:29:00,2
40.7,6.8,2019-11-09 16:30:00,2
40.5,6.8,2019-11-09 16:31:00,2
40.3,6.8,2019-11-09 16:32:00,2
40.5,6.8,2019-11-09 16:33:00,2
40.5,6.8,2019-11-09 16:34:00,2
40.5,6.7,2019-11-09 16:35:00,2
40.8,6.7,2019-11-09 16:36:00,2
40.8,6.7,2019-11-09 16:37:00,2
40.7,6.7,2019-11-09 16:38:00,2
41.0,6.7,2019-11-09 16:39:00,2
41.1,6.7,2019-11-09 16:40:00,2
41.1,6.7,2019-11-09 16:41:00,2
41.0,6.6,2019-11-09 16:42:00,2
41.3,6.6,2019-11-09 16:43:00,2
41.3,6.6,2019-11-09 16:44:00,2
41.2,6.6,2019-11-09 16:45:00,2
41.3,6.5,2019-11-09 16:46:00,2
41.4,6.5,2019-11-09 16:47:00,2
41.5,6.5,2019-11-09 16:48:00,2
41.3,6.5,2019-11-09 16:49:00,2
41.4,6.5,2019-11-09 16:50:00,2
41.2,6.4,2019-11-09 16:51:00,2
41.1,6.4,2019-11-09 16:52:00,2
41.3,6.4,2019-11-09 16:53:00,2
41.3,6.3,2019-11-09 16:54:00,2
41.6,6.3,2019-11-09 16:55:00,2
41.7,6.3,2019-11-09 16:56:00,2
41.8,6.3,2019-11-09 16:57:00,2
42.0,6.3,2019-11-09 16:58:00,2
42.3,6.3,2019-11-09 16:59:00,2
41.8,6.2,2019-11-09 17:00:00,2
41.9,6.2,2019-11-09 17:01:00,2
41.8,6.2,2019-11-09 17:02:00,2
42.0,6.1,2019-11-09 17:03:00,2
42.3,6.1,2019-11-09 17:04:00,2
42.0,6.1,2019-11-09 17:05:00,2
42.2,6.1,2019-11-09 17:06:00,2
42.2,6.0,2019-11-09 17:07:00,2
42.0,6.3,2019-11-09 16:58:00,2
42.3,6.3,2019-11-09 16:59:00,2
41.8,6.2,2019-11-09 17:00:00,2
41.9,6.2,2019-11-09 17:01:00,2
41.8,6.2,2019-11-09 17:02:00,2
42.0,6.1,2019-11-09 17:03:00,2
42.3,6.1,2019-11-09 17:04:00,2
42.0,6.1,2019-11-09 17:05:00,2
42.2,6.1,2019-11-09 17:06:00,2
42.2,6.0,2019-11-09 17:07:00,2
42.6,6.1,2019-11-09 17:08:00,2
42.6,6.0,2019-11-09 17:09:00,2
42.6,6.0,2019-11-09 17:10:00,2
42.3,6.0,2019-11-09 17:11:00,2
42.3,6.0,2019-11-09 17:12:00,2
42.2,6.0,2019-11-09 17:13:00,2
42.3,5.9,2019-11-09 17:14:00,2
42.2,5.9,2019-11-09 17:15:00,2
42.1,5.8,2019-11-09 17:16:00,2
42.0,5.8,2019-11-09 17:17:00,2
42.1,5.8,2019-11-09 17:18:00,2
42.1,5.8,2019-11-09 17:19:00,2
42.2,5.7,2019-11-09 17:20:00,2
42.4,5.7,2019-11-09 17:21:00,2
42.4,5.7,2019-11-09 17:22:00,2
42.6,5.7,2019-11-09 17:23:00,2
42.5,5.6,2019-11-09 17:24:00,2
42.4,5.6,2019-11-09 17:25:00,2
42.4,5.6,2019-11-09 17:26:00,2
42.5,5.5,2019-11-09 17:27:00,2
42.5,5.5,2019-11-09 17:28:00,2
42.6,5.5,2019-11-09 17:29:00,2
42.7,5.5,2019-11-09 17:30:00,2
42.8,5.4,2019-11-09 17:31:00,2
43.0,5.4,2019-11-09 17:32:00,2
43.1,5.4,2019-11-09 17:33:00,2
43.3,5.3,2019-11-09 17:34:00,2
43.5,5.3,2019-11-09 17:35:00,2
43.6,5.3,2019-11-09 17:36:00,2
43.7,5.2,2019-11-09 17:37:00,2
43.8,5.2,2019-11-09 17:38:00,2
44.2,5.1,2019-11-09 17:39:00,2
44.6,5.0,2019-11-09 17:40:00,2
44.8,5.0,2019-11-09 17:41:00,2
44.9,5.0,2019-11-09 17:42:00,2
45.3,4.9,2019-11-09 17:43:00,2
45.4,4.9,2019-11-09 17:44:00,2
45.5,4.8,2019-11-09 17:45:00,2
45.5,4.8,2019-11-09 17:46:00,2
46.2,4.8,2019-11-09 17:47:00,2
46.2,4.8,2019-11-09 17:48:00,2
46.2,4.8,2019-11-09 17:49:00,2
46.6,4.8,2019-11-09 17:50:00,2
46.5,4.7,2019-11-09 17:51:00,2
46.6,4.7,2019-11-09 17:52:00,2
46.6,4.7,2019-11-09 17:53:00,2
46.7,4.7,2019-11-09 17:54:00,2
46.8,4.7,2019-11-09 17:55:00,2
47.0,4.6,2019-11-09 17:56:00,2
47.0,4.6,2019-11-09 17:57:00,2
47.1,4.6,2019-11-09 17:58:00,2
47.3,4.6,2019-11-09 17:59:00,2
47.4,4.5,2019-11-09 18:00:00,2
47.7,4.5,2019-11-09 18:01:00,2
47.9,4.4,2019-11-09 18:02:00,2
48.0,4.4,2019-11-09 18:03:00,2
48.1,4.4,2019-11-09 18:04:00,2
48.5,4.3,2019-11-09 18:05:00,2
48.6,4.3,2019-11-09 18:06:00,2
48.9,4.2,2019-11-09 18:07:00,2
49.2,4.2,2019-11-09 18:08:00,2
49.2,4.2,2019-11-09 18:09:00,2
49.3,4.2,2019-11-09 18:10:00,2
49.3,4.1,2019-11-09 18:11:00,2
49.6,4.1,2019-11-09 18:12:00,2
49.7,4.0,2019-11-09 18:13:00,2
50.0,4.0,2019-11-09 18:14:00,2
50.5,3.9,2019-11-09 18:15:00,2
50.7,3.9,2019-11-09 18:16:00,2
51.1,3.8,2019-11-09 18:17:00,2
51.0,3.8,2019-11-09 18:18:00,2
51.2,3.8,2019-11-09 18:19:00,2
51.2,3.7,2019-11-09 18:20:00,2
51.1,3.6,2019-11-09 18:21:00,2
51.0,3.6,2019-11-09 18:22:00,2
50.6,3.5,2019-11-09 18:23:00,2
51.0,3.5,2019-11-09 18:24:00,2
50.8,3.5,2019-11-09 18:25:00,2
51.2,3.4,2019-11-09 18:26:00,2
51.0,3.4,2019-11-09 18:27:00,2
51.1,3.3,2019-11-09 18:28:00,2
51.5,3.3,2019-11-09 18:29:00,2
51.7,3.3,2019-11-09 18:30:00,2
51.9,3.3,2019-11-09 18:31:00,2
51.9,3.2,2019-11-09 18:32:00,2
52.1,3.2,2019-11-09 18:33:00,2
52.2,3.1,2019-11-09 18:34:00,2
52.3,3.1,2019-11-09 18:35:00,2
52.6,3.1,2019-11-09 18:36:00,2
51.9,3.0,2019-11-09 18:37:00,2
51.9,3.0,2019-11-09 18:38:00,2
52.5,3.0,2019-11-09 18:39:00,2
52.6,3.0,2019-11-09 18:40:00,2
53.0,2.9,2019-11-09 18:41:00,2
53.0,2.9,2019-11-09 18:42:00,2
52.9,2.9,2019-11-09 18:43:00,2
52.9,2.8,2019-11-09 18:44:00,2
53.0,2.8,2019-11-09 18:45:00,2
52.9,2.8,2019-11-09 18:46:00,2
52.9,2.8,2019-11-09 18:47:00,2
53.1,2.8,2019-11-09 18:48:00,2
52.8,2.8,2019-11-09 18:49:00,2
52.8,2.8,2019-11-09 18:50:00,2
52.8,2.7,2019-11-09 18:51:00,2
52.8,2.7,2019-11-09 18:52:00,2
53.0,2.7,2019-11-09 18:53:00,2
53.0,2.7,2019-11-09 18:54:00,2
53.0,2.7,2019-11-09 18:55:00,2
53.0,2.6,2019-11-09 18:56:00,2
53.0,2.6,2019-11-09 18:57:00,2
53.0,2.6,2019-11-09 18:58:00,2
53.2,2.6,2019-11-09 18:59:00,2
53.5,2.5,2019-11-09 19:00:00,2
53.2,2.5,2019-11-09 19:01:00,2
53.2,2.5,2019-11-09 19:02:00,2
53.4,2.5,2019-11-09 19:03:00,2
53.9,2.5,2019-11-09 19:04:00,2
54.6,2.4,2019-11-09 19:05:00,2
54.9,2.3,2019-11-09 19:06:00,2
54.4,2.3,2019-11-09 19:07:00,2
55.0,2.3,2019-11-09 19:08:00,2
55.3,2.2,2019-11-09 19:09:00,2
55.6,2.2,2019-11-09 19:10:00,2
55.8,2.1,2019-11-09 19:11:00,2
56.0,2.0,2019-11-09 19:12:00,2
55.9,2.0,2019-11-09 19:13:00,2
55.7,2.0,2019-11-09 19:14:00,2
56.0,1.9,2019-11-09 19:15:00,2
56.4,1.8,2019-11-09 19:16:00,2
56.6,1.8,2019-11-09 19:17:00,2
56.2,1.8,2019-11-09 19:18:00,2
56.5,1.7,2019-11-09 19:19:00,2
57.0,1.7,2019-11-09 19:20:00,2
56.7,1.6,2019-11-09 19:21:00,2
56.9,1.6,2019-11-09 19:22:00,2
57.3,1.6,2019-11-09 19:23:00,2
57.4,1.5,2019-11-09 19:24:00,2
57.6,1.5,2019-11-09 19:25:00,2
57.6,1.5,2019-11-09 19:26:00,2
57.6,1.5,2019-11-09 19:27:00,2
57.7,1.5,2019-11-09 19:28:00,2
57.6,1.5,2019-11-09 19:29:00,2
57.8,1.4,2019-11-09 19:30:00,2
57.8,1.4,2019-11-09 19:31:00,2
57.9,1.4,2019-11-09 19:32:00,2
57.9,1.4,2019-11-09 19:33:00,2
58.0,1.3,2019-11-09 19:34:00,2
58.0,1.3,2019-11-09 19:35:00,2
58.0,1.3,2019-11-09 19:36:00,2
58.4,1.3,2019-11-09 19:37:00,2
58.4,1.3,2019-11-09 19:38:00,2
58.8,1.3,2019-11-09 19:39:00,2
58.5,1.2,2019-11-09 19:40:00,2
58.8,1.2,2019-11-09 19:41:00,2
58.5,1.2,2019-11-09 19:42:00,2
58.5,1.2,2019-11-09 19:43:00,2
58.5,1.2,2019-11-09 19:44:00,2
58.9,1.1,2019-11-09 19:45:00,2
59.1,1.1,2019-11-09 19:46:00,2
58.9,1.1,2019-11-09 19:47:00,2
58.7,1.1,2019-11-09 19:48:00,2
59.1,1.0,2019-11-09 19:49:00,2
59.1,1.0,2019-11-09 19:50:00,2
59.4,1.0,2019-11-09 19:51:00,2
59.2,1.0,2019-11-09 19:52:00,2
59.1,1.0,2019-11-09 19:53:00,2
59.2,1.0,2019-11-09 19:54:00,2
59.5,1.0,2019-11-09 19:55:00,2
59.6,0.9,2019-11-09 19:56:00,2
59.5,0.9,2019-11-09 19:57:00,2
59.5,0.9,2019-11-09 19:58:00,2
59.7,0.8,2019-11-09 19:59:00,2
59.6,0.8,2019-11-09 20:00:00,2
60.0,0.8,2019-11-09 20:01:00,2
59.9,0.8,2019-11-09 20:02:00,2
60.4,0.8,2019-11-09 20:03:00,2
60.3,0.8,2019-11-09 20:04:00,2
60.4,0.8,2019-11-09 20:05:00,2
60.0,0.8,2019-11-09 20:06:00,2
60.0,0.8,2019-11-09 20:07:00,2
59.9,0.8,2019-11-09 20:08:00,2
60.4,0.8,2019-11-09 20:09:00,2
60.2,0.7,2019-11-09 20:10:00,2
60.4,0.7,2019-11-09 20:11:00,2
60.5,0.7,2019-11-09 20:12:00,2
60.6,0.7,2019-11-09 20:13:00,2
60.6,0.6,2019-11-09 20:14:00,2
60.7,0.6,2019-11-09 20:15:00,2
61.0,0.6,2019-11-09 20:16:00,2
60.9,0.6,2019-11-09 20:17:00,2
61.3,0.6,2019-11-09 20:18:00,2
61.3,0.5,2019-11-09 20:19:00,2
61.5,0.5,2019-11-09 20:20:00,2
61.4,0.5,2019-11-09 20:21:00,2
61.3,0.5,2019-11-09 20:22:00,2
61.4,0.5,2019-11-09 20:23:00,2
61.2,0.5,2019-11-09 20:24:00,2
61.5,0.5,2019-11-09 20:25:00,2
61.6,0.5,2019-11-09 20:26:00,2
61.6,0.4,2019-11-09 20:27:00,2
61.7,0.4,2019-11-09 20:28:00,2
62.4,0.3,2019-11-09 20:29:00,2
62.1,0.3,2019-11-09 20:30:00,2
62.6,0.3,2019-11-09 20:31:00,2
62.6,0.3,2019-11-09 20:32:00,2
62.7,0.2,2019-11-09 20:33:00,2
62.7,0.2,2019-11-09 20:34:00,2
62.9,0.2,2019-11-09 20:35:00,2
63.0,0.2,2019-11-09 20:36:00,2
63.2,0.2,2019-11-09 20:37:00,2
63.5,0.1,2019-11-09 20:38:00,2
63.1,0.1,2019-11-09 20:39:00,2
63.0,0.1,2019-11-09 20:40:00,2
63.5,0.1,2019-11-09 20:41:00,2
63.5,0.1,2019-11-09 20:42:00,2
63.5,0.1,2019-11-09 20:43:00,2
63.4,0.0,2019-11-09 20:44:00,2
63.3,0.0,2019-11-09 20:45:00,2
63.4,0.0,2019-11-09 20:46:00,2
63.8,0.0,2019-11-09 20:47:00,2
63.9,0.0,2019-11-09 20:48:00,2
64.0,0.0,2019-11-09 20:49:00,2
64.3,0.0,2019-11-09 20:50:00,2
63.7,0.0,2019-11-09 20:51:00,2
64.0,0.0,2019-11-09 20:52:00,2
64.1,0.0,2019-11-09 20:53:00,2
63.8,0.0,2019-11-09 20:54:00,2
64.1,0.0,2019-11-09 20:55:00,2
64.0,0.0,2019-11-09 20:56:00,2
64.0,0.0,2019-11-09 20:57:00,2
63.8,0.0,2019-11-09 20:58:00,2
63.7,0.0,2019-11-09 20:59:00,2
64.2,0.0,2019-11-09 21:00:00,2
64.2,0.0,2019-11-09 21:01:00,2
64.1,0.0,2019-11-09 21:02:00,2
64.2,0.0,2019-11-09 21:03:00,2
64.3,0.0,2019-11-09 21:04:00,2
64.2,0.0,2019-11-09 21:05:00,2
64.5,0.0,2019-11-09 21:06:00,2
64.4,0.0,2019-11-09 21:07:00,2
64.0,0.0,2019-11-09 21:08:00,2
64.2,0.0,2019-11-09 21:09:00,2
64.6,0.0,2019-11-09 21:10:00,2
64.6,-0.1,2019-11-09 21:11:00,2
64.7,-0.1,2019-11-09 21:12:00,2
64.7,-0.1,2019-11-09 21:13:00,2
64.6,-0.1,2019-11-09 21:14:00,2
64.7,-0.1,2019-11-09 21:15:00,2
64.8,-0.1,2019-11-09 21:16:00,2
64.8,-0.1,2019-11-09 21:17:00,2
64.9,-0.1,2019-11-09 21:18:00,2
64.9,-0.1,2019-11-09 21:19:00,2
65.0,-0.1,2019-11-09 21:20:00,2
65.1,-0.2,2019-11-09 21:21:00,2
65.2,-0.2,2019-11-09 21:22:00,2
65.3,-0.2,2019-11-09 21:23:00,2
65.2,-0.2,2019-11-09 21:24:00,2
65.1,-0.2,2019-11-09 21:25:00,2
65.4,-0.2,2019-11-09 21:26:00,2
65.4,-0.2,2019-11-09 21:27:00,2
65.2,-0.2,2019-11-09 21:28:00,2
65.1,-0.2,2019-11-09 21:29:00,2
65.0,-0.2,2019-11-09 21:30:00,2
65.1,-0.2,2019-11-09 21:31:00,2
65.0,-0.2,2019-11-09 21:32:00,2
65.0,-0.2,2019-11-09 21:33:00,2
65.3,-0.2,2019-11-09 21:34:00,2
65.1,-0.2,2019-11-09 21:35:00,2
65.3,-0.3,2019-11-09 21:36:00,2
65.6,-0.3,2019-11-09 21:37:00,2
65.5,-0.3,2019-11-09 21:38:00,2
65.6,-0.3,2019-11-09 21:39:00,2
65.6,-0.3,2019-11-09 21:40:00,2
65.7,-0.3,2019-11-09 21:41:00,2
65.6,-0.3,2019-11-09 21:42:00,2
65.5,-0.3,2019-11-09 21:43:00,2
65.5,-0.3,2019-11-09 21:44:00,2
65.7,-0.3,2019-11-09 21:45:00,2
65.6,-0.3,2019-11-09 21:46:00,2
65.1,-0.3,2019-11-09 21:47:00,2
65.4,-0.4,2019-11-09 21:48:00,2
66.1,-0.4,2019-11-09 21:49:00,2
66.2,-0.4,2019-11-09 21:50:00,2
66.3,-0.4,2019-11-09 21:51:00,2
66.0,-0.4,2019-11-09 21:52:00,2
66.2,-0.4,2019-11-09 21:53:00,2
66.3,-0.5,2019-11-09 21:54:00,2
66.8,-0.6,2019-11-09 21:55:00,2
66.6,-0.6,2019-11-09 21:56:00,2
66.5,-0.6,2019-11-09 21:57:00,2
66.6,-0.6,2019-11-09 21:58:00,2
66.7,-0.6,2019-11-09 21:59:00,2
66.7,-0.6,2019-11-09 22:00:00,2
66.8,-0.6,2019-11-09 22:01:00,2
67.1,-0.6,2019-11-09 22:02:00,2
67.1,-0.6,2019-11-09 22:03:00,2
67.1,-0.6,2019-11-09 22:04:00,2
67.2,-0.6,2019-11-09 22:05:00,2
67.5,-0.6,2019-11-09 22:06:00,2
67.2,-0.6,2019-11-09 22:07:00,2
67.2,-0.6,2019-11-09 22:08:00,2
67.1,-0.6,2019-11-09 22:09:00,2
67.4,-0.7,2019-11-09 22:10:00,2
67.6,-0.7,2019-11-09 22:11:00,2
67.5,-0.7,2019-11-09 22:12:00,2
67.7,-0.7,2019-11-09 22:13:00,2
67.9,-0.7,2019-11-09 22:14:00,2
67.8,-0.7,2019-11-09 22:15:00,2
67.5,-0.7,2019-11-09 22:16:00,2
67.8,-0.7,2019-11-09 22:17:00,2
67.9,-0.7,2019-11-09 22:18:00,2
67.9,-0.7,2019-11-09 22:19:00,2
67.8,-0.7,2019-11-09 22:20:00,2
68.0,-0.7,2019-11-09 22:21:00,2
68.0,-0.7,2019-11-09 22:22:00,2
67.9,-0.7,2019-11-09 22:23:00,2
67.8,-0.7,2019-11-09 22:24:00,2
67.9,-0.7,2019-11-09 22:25:00,2
68.0,-0.7,2019-11-09 22:26:00,2
67.9,-0.7,2019-11-09 22:27:00,2
67.8,-0.7,2019-11-09 22:28:00,2
67.9,-0.7,2019-11-09 22:29:00,2
67.9,-0.7,2019-11-09 22:30:00,2
68.1,-0.7,2019-11-09 22:31:00,2
68.3,-0.7,2019-11-09 22:32:00,2
68.2,-0.7,2019-11-09 22:33:00,2
68.4,-0.8,2019-11-09 22:34:00,2
68.4,-0.8,2019-11-09 22:35:00,2
68.3,-0.7,2019-11-09 22:36:00,2
68.3,-0.8,2019-11-09 22:37:00,2
68.1,-0.8,2019-11-09 22:38:00,2
68.6,-0.8,2019-11-09 22:39:00,2
68.5,-0.8,2019-11-09 22:40:00,2
68.4,-0.8,2019-11-09 22:41:00,2
68.4,-0.8,2019-11-09 22:42:00,2
68.5,-0.8,2019-11-09 22:43:00,2
68.6,-0.8,2019-11-09 22:44:00,2
68.6,-0.8,2019-11-09 22:45:00,2
68.5,-0.8,2019-11-09 22:46:00,2
68.8,-0.9,2019-11-09 22:47:00,2
68.9,-0.9,2019-11-09 22:48:00,2
68.8,-0.9,2019-11-09 22:49:00,2
69.1,-0.9,2019-11-09 22:50:00,2
69.1,-0.9,2019-11-09 22:51:00,2
69.0,-0.9,2019-11-09 22:52:00,2
69.4,-0.9,2019-11-09 22:53:00,2
69.3,-0.9,2019-11-09 22:54:00,2
69.0,-0.9,2019-11-09 22:55:00,2
69.4,-0.9,2019-11-09 22:56:00,2
69.3,-1.0,2019-11-09 22:57:00,2
69.6,-1.0,2019-11-09 22:58:00,2
69.5,-1.0,2019-11-09 22:59:00,2
69.4,-1.0,2019-11-09 23:00:00,2
69.4,-0.9,2019-11-09 23:01:00,2
69.4,-1.0,2019-11-09 23:02:00,2
69.3,-0.9,2019-11-09 23:03:00,2
69.2,-0.9,2019-11-09 23:04:00,2
69.7,-1.0,2019-11-09 23:05:00,2
69.6,-1.0,2019-11-09 23:06:00,2
69.6,-1.0,2019-11-09 23:07:00,2
69.7,-1.0,2019-11-09 23:08:00,2
69.8,-1.0,2019-11-09 23:09:00,2
69.9,-1.0,2019-11-09 23:10:00,2
69.8,-1.0,2019-11-09 23:11:00,2
70.0,-1.0,2019-11-09 23:12:00,2
70.0,-1.0,2019-11-09 23:13:00,2
69.8,-1.0,2019-11-09 23:14:00,2
70.1,-1.0,2019-11-09 23:15:00,2
70.1,-1.0,2019-11-09 23:16:00,2
70.1,-1.0,2019-11-09 23:17:00,2
70.3,-1.0,2019-11-09 23:18:00,2
70.2,-1.0,2019-11-09 23:19:00,2
70.1,-1.0,2019-11-09 23:20:00,2
70.1,-1.0,2019-11-09 23:21:00,2
69.7,-1.0,2019-11-09 23:22:00,2
70.2,-1.0,2019-11-09 23:23:00,2
70.3,-1.0,2019-11-09 23:24:00,2
70.8,-1.0,2019-11-09 23:25:00,2
70.6,-1.0,2019-11-09 23:26:00,2
70.4,-1.0,2019-11-09 23:27:00,2
70.5,-1.0,2019-11-09 23:28:00,2
70.7,-1.0,2019-11-09 23:29:00,2
70.6,-1.0,2019-11-09 23:30:00,2
70.7,-1.0,2019-11-09 23:31:00,2
70.7,-1.0,2019-11-09 23:32:00,2
70.8,-1.0,2019-11-09 23:33:00,2
70.8,-1.0,2019-11-09 23:34:00,2
70.8,-1.0,2019-11-09 23:35:00,2
70.8,-1.0,2019-11-09 23:36:00,2
71.0,-1.1,2019-11-09 23:37:00,2
70.9,-1.0,2019-11-09 23:38:00,2
70.9,-1.1,2019-11-09 23:39:00,2
71.0,-1.1,2019-11-09 23:40:00,2
71.0,-1.1,2019-11-09 23:41:00,2
70.9,-1.1,2019-11-09 23:42:00,2
70.8,-1.1,2019-11-09 23:43:00,2
70.9,-1.1,2019-11-09 23:44:00,2
71.0,-1.1,2019-11-09 23:45:00,2
70.9,-1.1,2019-11-09 23:46:00,2
70.8,-1.1,2019-11-09 23:47:00,2
71.3,-1.1,2019-11-09 23:48:00,2
71.4,-1.1,2019-11-09 23:49:00,2
71.3,-1.1,2019-11-09 23:50:00,2
71.1,-1.1,2019-11-09 23:51:00,2
71.3,-1.1,2019-11-09 23:52:00,2
71.3,-1.1,2019-11-09 23:53:00,2
71.4,-1.1,2019-11-09 23:54:00,2
71.3,-1.1,2019-11-09 23:55:00,2
71.3,-1.1,2019-11-09 23:56:00,2
71.3,-1.1,2019-11-09 23:57:00,2
71.5,-1.1,2019-11-09 23:58:00,2
71.8,-1.2,2019-11-09 23:59:00,2
71.6,-1.2,2019-11-10 00:00:00,2
71.6,-1.1,2019-11-10 00:01:00,2
71.5,-1.1,2019-11-10 00:02:00,2
71.5,-1.2,2019-11-10 00:03:00,2
71.8,-1.2,2019-11-10 00:04:00,2
71.9,-1.2,2019-11-10 00:05:00,2
72.0,-1.2,2019-11-10 00:06:00,2
72.0,-1.2,2019-11-10 00:07:00,2
72.0,-1.2,2019-11-10 00:08:00,2
71.9,-1.2,2019-11-10 00:09:00,2
71.9,-1.2,2019-11-10 00:10:00,2
72.0,-1.2,2019-11-10 00:11:00,2
72.2,-1.3,2019-11-10 00:12:00,2
72.0,-1.3,2019-11-10 00:13:00,2
72.2,-1.3,2019-11-10 00:14:00,2
72.4,-1.3,2019-11-10 00:15:00,2
72.4,-1.3,2019-11-10 00:16:00,2
72.5,-1.3,2019-11-10 00:17:00,2
72.4,-1.3,2019-11-10 00:18:00,2
72.8,-1.3,2019-11-10 00:19:00,2
72.8,-1.3,2019-11-10 00:20:00,2
72.8,-1.3,2019-11-10 00:21:00,2
72.6,-1.3,2019-11-10 00:22:00,2
72.9,-1.3,2019-11-10 00:23:00,2
73.0,-1.3,2019-11-10 00:24:00,2
72.9,-1.3,2019-11-10 00:25:00,2
73.0,-1.3,2019-11-10 00:26:00,2
72.9,-1.3,2019-11-10 00:27:00,2
73.0,-1.3,2019-11-10 00:28:00,2
73.0,-1.4,2019-11-10 00:29:00,2
73.1,-1.4,2019-11-10 00:30:00,2
73.1,-1.4,2019-11-10 00:31:00,2
72.8,-1.4,2019-11-10 00:32:00,2
73.1,-1.4,2019-11-10 00:33:00,2
73.0,-1.4,2019-11-10 00:34:00,2
73.1,-1.4,2019-11-10 00:35:00,2
73.1,-1.4,2019-11-10 00:36:00,2
73.4,-1.4,2019-11-10 00:37:00,2
73.5,-1.4,2019-11-10 00:38:00,2
73.4,-1.4,2019-11-10 00:39:00,2
73.3,-1.4,2019-11-10 00:40:00,2
73.4,-1.4,2019-11-10 00:41:00,2
73.3,-1.4,2019-11-10 00:42:00,2
73.3,-1.3,2019-11-10 00:43:00,2
73.4,-1.3,2019-11-10 00:44:00,2
73.4,-1.3,2019-11-10 00:45:00,2
73.3,-1.3,2019-11-10 00:46:00,2
73.3,-1.3,2019-11-10 00:47:00,2
73.5,-1.3,2019-11-10 00:48:00,2
73.4,-1.3,2019-11-10 00:49:00,2
73.1,-1.3,2019-11-10 00:50:00,2
73.3,-1.3,2019-11-10 00:51:00,2
73.3,-1.3,2019-11-10 00:52:00,2
73.3,-1.3,2019-11-10 00:53:00,2
73.1,-1.3,2019-11-10 00:54:00,2
73.4,-1.3,2019-11-10 00:55:00,2
73.4,-1.3,2019-11-10 00:56:00,2
73.3,-1.3,2019-11-10 00:57:00,2
73.3,-1.3,2019-11-10 00:58:00,2
73.4,-1.3,2019-11-10 00:59:00,2
73.5,-1.3,2019-11-10 01:00:00,2
73.5,-1.3,2019-11-10 01:01:00,2
73.7,-1.3,2019-11-10 01:02:00,2
73.8,-1.3,2019-11-10 01:03:00,2
73.6,-1.3,2019-11-10 01:04:00,2
73.8,-1.3,2019-11-10 01:05:00,2
73.7,-1.3,2019-11-10 01:06:00,2
73.7,-1.3,2019-11-10 01:07:00,2
73.7,-1.3,2019-11-10 01:08:00,2
73.6,-1.3,2019-11-10 01:09:00,2
73.6,-1.3,2019-11-10 01:10:00,2
73.7,-1.2,2019-11-10 01:11:00,2
73.9,-1.2,2019-11-10 01:12:00,2
73.7,-1.2,2019-11-10 01:13:00,2
73.8,-1.2,2019-11-10 01:14:00,2
73.7,-1.2,2019-11-10 01:15:00,2
73.9,-1.2,2019-11-10 01:16:00,2
74.0,-1.2,2019-11-10 01:17:00,2
73.6,-1.2,2019-11-10 01:18:00,2
74.1,-1.2,2019-11-10 01:19:00,2
74.0,-1.2,2019-11-10 01:20:00,2
73.9,-1.3,2019-11-10 01:21:00,2
74.4,-1.3,2019-11-10 01:22:00,2
74.3,-1.2,2019-11-10 01:23:00,2
74.1,-1.2,2019-11-10 01:24:00,2
74.4,-1.3,2019-11-10 01:25:00,2
74.3,-1.2,2019-11-10 01:26:00,2
74.2,-1.2,2019-11-10 01:27:00,2
74.1,-1.2,2019-11-10 01:28:00,2
74.3,-1.2,2019-11-10 01:29:00,2
74.3,-1.2,2019-11-10 01:30:00,2
74.3,-1.2,2019-11-10 01:31:00,2
74.2,-1.2,2019-11-10 01:32:00,2
74.5,-1.2,2019-11-10 01:33:00,2
74.3,-1.2,2019-11-10 01:34:00,2
74.5,-1.2,2019-11-10 01:35:00,2
74.3,-1.2,2019-11-10 01:36:00,2
74.3,-1.2,2019-11-10 01:37:00,2
74.5,-1.2,2019-11-10 01:38:00,2
74.4,-1.2,2019-11-10 01:39:00,2
74.5,-1.2,2019-11-10 01:40:00,2
74.3,-1.2,2019-11-10 01:41:00,2
74.3,-1.2,2019-11-10 01:42:00,2
74.3,-1.2,2019-11-10 01:43:00,2
74.3,-1.2,2019-11-10 01:44:00,2
74.4,-1.2,2019-11-10 01:45:00,2
74.4,-1.2,2019-11-10 01:46:00,2
74.4,-1.2,2019-11-10 01:47:00,2
74.4,-1.2,2019-11-10 01:48:00,2
74.5,-1.2,2019-11-10 01:49:00,2
74.5,-1.2,2019-11-10 01:50:00,2
74.8,-1.3,2019-11-10 01:51:00,2
74.6,-1.3,2019-11-10 01:52:00,2
74.7,-1.3,2019-11-10 01:53:00,2
74.8,-1.3,2019-11-10 01:54:00,2
74.7,-1.3,2019-11-10 01:55:00,2
74.7,-1.3,2019-11-10 01:56:00,2
74.9,-1.2,2019-11-10 01:57:00,2
74.9,-1.2,2019-11-10 01:58:00,2
74.9,-1.2,2019-11-10 01:59:00,2
74.9,-1.2,2019-11-10 02:00:00,2
74.8,-1.2,2019-11-10 02:01:00,2
74.7,-1.2,2019-11-10 02:02:00,2
74.8,-1.2,2019-11-10 02:03:00,2
74.6,-1.2,2019-11-10 02:04:00,2
74.6,-1.2,2019-11-10 02:05:00,2
74.6,-1.1,2019-11-10 02:06:00,2
74.6,-1.2,2019-11-10 02:07:00,2
74.7,-1.1,2019-11-10 02:08:00,2
74.7,-1.2,2019-11-10 02:09:00,2
74.6,-1.2,2019-11-10 02:10:00,2
74.6,-1.2,2019-11-10 02:11:00,2
74.9,-1.2,2019-11-10 02:12:00,2
74.9,-1.2,2019-11-10 02:13:00,2
74.7,-1.2,2019-11-10 02:14:00,2
75.0,-1.2,2019-11-10 02:15:00,2
75.0,-1.3,2019-11-10 02:16:00,2
75.1,-1.3,2019-11-10 02:17:00,2
75.1,-1.2,2019-11-10 02:18:00,2
75.2,-1.3,2019-11-10 02:19:00,2
75.2,-1.3,2019-11-10 02:20:00,2
75.3,-1.3,2019-11-10 02:21:00,2
75.4,-1.3,2019-11-10 02:22:00,2
75.4,-1.3,2019-11-10 02:23:00,2
75.7,-1.3,2019-11-10 02:24:00,2
75.5,-1.3,2019-11-10 02:25:00,2
75.4,-1.3,2019-11-10 02:26:00,2
75.5,-1.3,2019-11-10 02:27:00,2
75.7,-1.3,2019-11-10 02:28:00,2
75.8,-1.4,2019-11-10 02:29:00,2
76.0,-1.4,2019-11-10 02:30:00,2
76.0,-1.3,2019-11-10 02:31:00,2
75.9,-1.3,2019-11-10 02:32:00,2
76.0,-1.3,2019-11-10 02:33:00,2
76.4,-1.3,2019-11-10 02:34:00,2
76.6,-1.4,2019-11-10 02:35:00,2
76.5,-1.4,2019-11-10 02:36:00,2
76.6,-1.4,2019-11-10 02:37:00,2
76.4,-1.3,2019-11-10 02:38:00,2
76.5,-1.3,2019-11-10 02:39:00,2
76.3,-1.3,2019-11-10 02:40:00,2
76.5,-1.3,2019-11-10 02:41:00,2
76.1,-1.3,2019-11-10 02:42:00,2
76.2,-1.3,2019-11-10 02:43:00,2
76.1,-1.3,2019-11-10 02:44:00,2
76.4,-1.3,2019-11-10 02:45:00,2
76.2,-1.2,2019-11-10 02:46:00,2
75.9,-1.2,2019-11-10 02:47:00,2
76.1,-1.2,2019-11-10 02:48:00,2
75.8,-1.2,2019-11-10 02:49:00,2
75.8,-1.1,2019-11-10 02:50:00,2
76.3,-1.1,2019-11-10 02:51:00,2
76.2,-1.1,2019-11-10 02:52:00,2
75.9,-1.1,2019-11-10 02:53:00,2
76.3,-1.1,2019-11-10 02:54:00,2
76.4,-1.1,2019-11-10 02:55:00,2
76.7,-1.2,2019-11-10 02:56:00,2
76.7,-1.2,2019-11-10 02:57:00,2
76.7,-1.2,2019-11-10 02:58:00,2
76.9,-1.2,2019-11-10 02:59:00,2
76.9,-1.2,2019-11-10 03:00:00,2
76.7,-1.2,2019-11-10 03:01:00,2
77.0,-1.2,2019-11-10 03:02:00,2
76.9,-1.2,2019-11-10 03:03:00,2
76.9,-1.2,2019-11-10 03:04:00,2
76.7,-1.2,2019-11-10 03:05:00,2
76.9,-1.2,2019-11-10 03:06:00,2
76.7,-1.2,2019-11-10 03:07:00,2
76.6,-1.2,2019-11-10 03:08:00,2
76.8,-1.2,2019-11-10 03:09:00,2
76.4,-1.2,2019-11-10 03:10:00,2
76.6,-1.2,2019-11-10 03:11:00,2
77.1,-1.2,2019-11-10 03:12:00,2
77.2,-1.2,2019-11-10 03:13:00,2
77.1,-1.2,2019-11-10 03:14:00,2
77.1,-1.1,2019-11-10 03:15:00,2
77.2,-1.1,2019-11-10 03:16:00,2
77.0,-1.1,2019-11-10 03:17:00,2
77.0,-1.1,2019-11-10 03:18:00,2
76.8,-1.1,2019-11-10 03:19:00,2
76.9,-1.1,2019-11-10 03:20:00,2
76.9,-1.1,2019-11-10 03:21:00,2
77.1,-1.1,2019-11-10 03:22:00,2
77.5,-1.1,2019-11-10 03:23:00,2
77.4,-1.1,2019-11-10 03:24:00,2
77.1,-1.1,2019-11-10 03:25:00,2
77.1,-1.1,2019-11-10 03:26:00,2
77.1,-1.1,2019-11-10 03:27:00,2
77.6,-1.1,2019-11-10 03:28:00,2
77.4,-1.1,2019-11-10 03:29:00,2
77.5,-1.1,2019-11-10 03:30:00,2
77.4,-1.0,2019-11-10 03:31:00,2
77.7,-1.1,2019-11-10 03:32:00,2
77.8,-1.0,2019-11-10 03:33:00,2
77.6,-1.0,2019-11-10 03:34:00,2
77.7,-1.0,2019-11-10 03:35:00,2
77.3,-1.0,2019-11-10 03:36:00,2
77.4,-0.9,2019-11-10 03:37:00,2
77.4,-0.9,2019-11-10 03:38:00,2
77.5,-0.9,2019-11-10 03:39:00,2
77.4,-0.9,2019-11-10 03:40:00,2
77.3,-0.9,2019-11-10 03:41:00,2
77.4,-0.9,2019-11-10 03:42:00,2
77.7,-0.8,2019-11-10 03:43:00,2
77.6,-0.8,2019-11-10 03:44:00,2
77.7,-0.8,2019-11-10 03:45:00,2
77.7,-0.8,2019-11-10 03:46:00,2
77.7,-0.8,2019-11-10 03:47:00,2
77.8,-0.8,2019-11-10 03:48:00,2
77.9,-0.8,2019-11-10 03:49:00,2
78.2,-0.8,2019-11-10 03:50:00,2
78.0,-0.8,2019-11-10 03:51:00,2
78.3,-0.8,2019-11-10 03:52:00,2
78.2,-0.8,2019-11-10 03:53:00,2
78.3,-0.8,2019-11-10 03:54:00,2
78.5,-0.8,2019-11-10 03:55:00,2
78.6,-0.8,2019-11-10 03:56:00,2
78.6,-0.8,2019-11-10 03:57:00,2
78.5,-0.8,2019-11-10 03:58:00,2
78.5,-0.8,2019-11-10 03:59:00,2
78.2,-0.8,2019-11-10 04:00:00,2
78.1,-0.8,2019-11-10 04:01:00,2
78.3,-0.8,2019-11-10 04:02:00,2
78.3,-0.8,2019-11-10 04:03:00,2
77.7,-0.8,2019-11-10 04:04:00,2
78.1,-0.8,2019-11-10 04:05:00,2
77.9,-0.8,2019-11-10 04:06:00,2
77.5,-0.8,2019-11-10 04:07:00,2
78.1,-0.7,2019-11-10 04:08:00,2
78.6,-0.7,2019-11-10 04:09:00,2
78.4,-0.7,2019-11-10 04:10:00,2
78.6,-0.7,2019-11-10 04:11:00,2
78.7,-0.6,2019-11-10 04:12:00,2
79.0,-0.6,2019-11-10 04:13:00,2
78.8,-0.6,2019-11-10 04:14:00,2
78.8,-0.6,2019-11-10 04:15:00,2
78.7,-0.6,2019-11-10 04:16:00,2
78.7,-0.6,2019-11-10 04:17:00,2
78.8,-0.6,2019-11-10 04:18:00,2
78.9,-0.6,2019-11-10 04:19:00,2
78.7,-0.6,2019-11-10 04:20:00,2
78.6,-0.6,2019-11-10 04:21:00,2
79.2,-0.5,2019-11-10 04:22:00,2
78.7,-0.5,2019-11-10 04:23:00,2
78.7,-0.5,2019-11-10 04:24:00,2
78.9,-0.5,2019-11-10 04:25:00,2
78.8,-0.6,2019-11-10 04:26:00,2
78.7,-0.6,2019-11-10 04:27:00,2
78.7,-0.6,2019-11-10 04:28:00,2
79.3,-0.6,2019-11-10 04:29:00,2
79.0,-0.6,2019-11-10 04:30:00,2
78.6,-0.6,2019-11-10 04:31:00,2
78.8,-0.6,2019-11-10 04:32:00,2
78.7,-0.6,2019-11-10 04:33:00,2
78.4,-0.6,2019-11-10 04:34:00,2
78.6,-0.6,2019-11-10 04:35:00,2
78.6,-0.5,2019-11-10 04:36:00,2
78.7,-0.5,2019-11-10 04:37:00,2
78.7,-0.5,2019-11-10 04:38:00,2
78.9,-0.4,2019-11-10 04:39:00,2
79.0,-0.4,2019-11-10 04:40:00,2
79.0,-0.5,2019-11-10 04:41:00,2
78.8,-0.5,2019-11-10 04:42:00,2
78.6,-0.5,2019-11-10 04:43:00,2
78.7,-0.5,2019-11-10 04:44:00,2
78.6,-0.5,2019-11-10 04:45:00,2
79.0,-0.5,2019-11-10 04:46:00,2
79.1,-0.5,2019-11-10 04:47:00,2
79.2,-0.5,2019-11-10 04:48:00,2
79.5,-0.4,2019-11-10 04:49:00,2
79.9,-0.4,2019-11-10 04:50:00,2
79.8,-0.4,2019-11-10 04:51:00,2
79.4,-0.4,2019-11-10 04:52:00,2
79.4,-0.4,2019-11-10 04:53:00,2
79.1,-0.4,2019-11-10 04:54:00,2
79.0,-0.4,2019-11-10 04:55:00,2
79.2,-0.4,2019-11-10 04:56:00,2
78.9,-0.4,2019-11-10 04:57:00,2
79.1,-0.4,2019-11-10 04:58:00,2
79.4,-0.4,2019-11-10 04:59:00,2
79.4,-0.4,2019-11-10 05:00:00,2
79.6,-0.4,2019-11-10 05:01:00,2
79.3,-0.4,2019-11-10 05:02:00,2
79.1,-0.4,2019-11-10 05:03:00,2
78.8,-0.4,2019-11-10 05:04:00,2
78.7,-0.4,2019-11-10 05:05:00,2
78.8,-0.4,2019-11-10 05:06:00,2
79.1,-0.4,2019-11-10 05:07:00,2
79.2,-0.4,2019-11-10 05:08:00,2
79.2,-0.3,2019-11-10 05:09:00,2
79.3,-0.3,2019-11-10 05:10:00,2
79.4,-0.3,2019-11-10 05:11:00,2
79.2,-0.3,2019-11-10 05:12:00,2
79.3,-0.3,2019-11-10 05:13:00,2
79.5,-0.3,2019-11-10 05:14:00,2
79.3,-0.3,2019-11-10 05:15:00,2
79.2,-0.3,2019-11-10 05:16:00,2
79.4,-0.3,2019-11-10 05:17:00,2
79.2,-0.3,2019-11-10 05:18:00,2
79.1,-0.3,2019-11-10 05:19:00,2
79.4,-0.3,2019-11-10 05:20:00,2
79.5,-0.3,2019-11-10 05:21:00,2
79.2,-0.3,2019-11-10 05:22:00,2
79.7,-0.3,2019-11-10 05:23:00,2
79.5,-0.3,2019-11-10 05:24:00,2
79.7,-0.3,2019-11-10 05:25:00,2
79.5,-0.3,2019-11-10 05:26:00,2
79.7,-0.4,2019-11-10 05:27:00,2
79.9,-0.4,2019-11-10 05:28:00,2
79.9,-0.4,2019-11-10 05:29:00,2
79.7,-0.4,2019-11-10 05:30:00,2
79.5,-0.3,2019-11-10 05:31:00,2
79.3,-0.3,2019-11-10 05:32:00,2
79.3,-0.3,2019-11-10 05:33:00,2
79.4,-0.3,2019-11-10 05:34:00,2
79.1,-0.3,2019-11-10 05:35:00,2
79.5,-0.3,2019-11-10 05:36:00,2
79.5,-0.3,2019-11-10 05:37:00,2
79.5,-0.3,2019-11-10 05:38:00,2
79.9,-0.3,2019-11-10 05:39:00,2
80.0,-0.4,2019-11-10 05:40:00,2
79.9,-0.4,2019-11-10 05:41:00,2
79.6,-0.4,2019-11-10 05:42:00,2
79.6,-0.4,2019-11-10 05:43:00,2
79.5,-0.4,2019-11-10 05:44:00,2
79.9,-0.4,2019-11-10 05:45:00,2
79.6,-0.3,2019-11-10 05:46:00,2
79.4,-0.3,2019-11-10 05:47:00,2
79.4,-0.3,2019-11-10 05:48:00,2
79.5,-0.3,2019-11-10 05:49:00,2
79.6,-0.3,2019-11-10 05:50:00,2
79.5,-0.3,2019-11-10 05:51:00,2
79.8,-0.3,2019-11-10 05:52:00,2
80.0,-0.3,2019-11-10 05:53:00,2
79.6,-0.3,2019-11-10 05:54:00,2
79.6,-0.3,2019-11-10 05:55:00,2
79.9,-0.3,2019-11-10 05:56:00,2
79.6,-0.3,2019-11-10 05:57:00,2
79.6,-0.2,2019-11-10 05:58:00,2
79.7,-0.2,2019-11-10 05:59:00,2
79.7,-0.1,2019-11-10 06:00:00,2
79.7,-0.2,2019-11-10 06:01:00,2
79.5,-0.2,2019-11-10 06:02:00,2
79.7,-0.2,2019-11-10 06:03:00,2
79.9,-0.2,2019-11-10 06:04:00,2
79.9,-0.1,2019-11-10 06:05:00,2
79.6,-0.1,2019-11-10 06:06:00,2
79.4,-0.1,2019-11-10 06:07:00,2
79.3,-0.1,2019-11-10 06:08:00,2
79.3,-0.1,2019-11-10 06:09:00,2
79.1,-0.1,2019-11-10 06:10:00,2
79.1,-0.1,2019-11-10 06:11:00,2
79.4,-0.1,2019-11-10 06:12:00,2
79.5,-0.2,2019-11-10 06:13:00,2
79.4,-0.2,2019-11-10 06:14:00,2
79.5,-0.2,2019-11-10 06:15:00,2
79.7,-0.2,2019-11-10 06:16:00,2
79.6,-0.2,2019-11-10 06:17:00,2
79.6,-0.2,2019-11-10 06:18:00,2
79.8,-0.2,2019-11-10 06:19:00,2
79.9,-0.2,2019-11-10 06:20:00,2
79.6,-0.2,2019-11-10 06:21:00,2
79.8,-0.1,2019-11-10 06:22:00,2
79.6,-0.1,2019-11-10 06:23:00,2
79.3,-0.1,2019-11-10 06:24:00,2
79.6,-0.1,2019-11-10 06:25:00,2
79.8,-0.1,2019-11-10 06:26:00,2
79.9,-0.1,2019-11-10 06:27:00,2
80.0,-0.2,2019-11-10 06:28:00,2
80.2,-0.2,2019-11-10 06:29:00,2
79.9,-0.2,2019-11-10 06:30:00,2
79.8,-0.2,2019-11-10 06:31:00,2
79.9,-0.2,2019-11-10 06:32:00,2
79.9,-0.2,2019-11-10 06:33:00,2
79.9,-0.2,2019-11-10 06:34:00,2
79.9,-0.2,2019-11-10 06:35:00,2
79.9,-0.2,2019-11-10 06:36:00,2
80.2,-0.2,2019-11-10 06:37:00,2
80.0,-0.2,2019-11-10 06:38:00,2
80.1,-0.2,2019-11-10 06:39:00,2
80.1,-0.2,2019-11-10 06:40:00,2
80.0,-0.2,2019-11-10 06:41:00,2
79.8,-0.2,2019-11-10 06:42:00,2
80.2,-0.2,2019-11-10 06:43:00,2
80.1,-0.2,2019-11-10 06:44:00,2
80.1,-0.2,2019-11-10 06:45:00,2
80.3,-0.1,2019-11-10 06:46:00,2
80.4,-0.1,2019-11-10 06:47:00,2
80.1,0.0,2019-11-10 06:48:00,2
79.9,0.0,2019-11-10 06:49:00,2
80.0,-0.1,2019-11-10 06:50:00,2
80.1,-0.1,2019-11-10 06:51:00,2
79.7,-0.1,2019-11-10 06:52:00,2
79.9,-0.1,2019-11-10 06:53:00,2
80.2,-0.1,2019-11-10 06:54:00,2
80.0,-0.2,2019-11-10 06:55:00,2
80.3,-0.2,2019-11-10 06:56:00,2
80.1,-0.2,2019-11-10 06:57:00,2
80.2,-0.2,2019-11-10 06:58:00,2
80.2,-0.2,2019-11-10 06:59:00,2
80.1,-0.2,2019-11-10 07:00:00,2
80.2,-0.2,2019-11-10 07:01:00,2
80.2,-0.2,2019-11-10 07:02:00,2
80.1,-0.2,2019-11-10 07:03:00,2
80.0,-0.2,2019-11-10 07:04:00,2
80.2,-0.2,2019-11-10 07:05:00,2
80.3,-0.2,2019-11-10 07:06:00,2
80.3,-0.2,2019-11-10 07:07:00,2
80.6,-0.2,2019-11-10 07:08:00,2
80.4,-0.1,2019-11-10 07:09:00,2
80.2,-0.1,2019-11-10 07:10:00,2
80.1,-0.1,2019-11-10 07:11:00,2
80.1,-0.1,2019-11-10 07:12:00,2
80.3,-0.1,2019-11-10 07:13:00,2
80.5,-0.1,2019-11-10 07:14:00,2
80.5,-0.1,2019-11-10 07:15:00,2
80.5,0.0,2019-11-10 07:16:00,2
80.6,0.0,2019-11-10 07:17:00,2
80.6,-0.1,2019-11-10 07:18:00,2
80.8,-0.1,2019-11-10 07:19:00,2
80.8,-0.1,2019-11-10 07:20:00,2
80.7,0.0,2019-11-10 07:21:00,2
80.8,0.0,2019-11-10 07:22:00,2
80.4,0.0,2019-11-10 07:23:00,2
80.7,0.0,2019-11-10 07:24:00,2
81.0,0.0,2019-11-10 07:25:00,2
81.5,0.2,2019-11-10 07:26:00,2
81.3,0.3,2019-11-10 07:27:00,2
81.2,0.4,2019-11-10 07:28:00,2
81.1,0.4,2019-11-10 07:29:00,2
80.6,0.4,2019-11-10 07:30:00,2
80.7,0.4,2019-11-10 07:31:00,2
80.7,0.4,2019-11-10 07:32:00,2
81.0,0.5,2019-11-10 07:33:00,2
81.2,0.5,2019-11-10 07:34:00,2
81.2,0.6,2019-11-10 07:35:00,2
81.2,0.6,2019-11-10 07:36:00,2
81.3,0.7,2019-11-10 07:37:00,2
81.9,0.9,2019-11-10 07:38:00,2
81.4,1.1,2019-11-10 07:39:00,2
81.3,1.2,2019-11-10 07:40:00,2
81.2,1.3,2019-11-10 07:41:00,2
81.0,1.5,2019-11-10 07:42:00,2
79.8,1.4,2019-11-10 07:43:00,2
80.2,1.4,2019-11-10 07:44:00,2
80.5,1.5,2019-11-10 07:45:00,2
80.8,1.6,2019-11-10 07:46:00,2
80.6,1.7,2019-11-10 07:47:00,2
80.5,1.8,2019-11-10 07:48:00,2
80.0,1.8,2019-11-10 07:49:00,2
80.1,1.8,2019-11-10 07:50:00,2
80.3,1.8,2019-11-10 07:51:00,2
80.3,2.0,2019-11-10 07:52:00,2
80.0,2.1,2019-11-10 07:53:00,2
79.3,2.1,2019-11-10 07:54:00,2
79.4,2.0,2019-11-10 07:55:00,2
80.0,2.2,2019-11-10 07:56:00,2
79.9,2.4,2019-11-10 07:57:00,2
79.6,2.5,2019-11-10 07:58:00,2
79.5,2.5,2019-11-10 07:59:00,2
79.9,2.6,2019-11-10 08:00:00,2
79.6,2.8,2019-11-10 08:01:00,2
79.3,3.1,2019-11-10 08:02:00,2
79.1,3.3,2019-11-10 08:03:00,2
78.8,3.6,2019-11-10 08:04:00,2
78.8,3.8,2019-11-10 08:05:00,2
77.3,3.7,2019-11-10 08:06:00,2
77.4,3.5,2019-11-10 08:07:00,2
77.4,3.6,2019-11-10 08:08:00,2
77.4,3.8,2019-11-10 08:09:00,2
77.1,3.9,2019-11-10 08:10:00,2
76.8,4.0,2019-11-10 08:11:00,2
77.2,4.2,2019-11-10 08:12:00,2
76.8,4.4,2019-11-10 08:13:00,2
75.8,4.7,2019-11-10 08:14:00,2
75.8,4.8,2019-11-10 08:15:00,2
75.6,4.9,2019-11-10 08:16:00,2
76.1,5.0,2019-11-10 08:17:00,2
75.3,5.0,2019-11-10 08:18:00,2
75.7,5.1,2019-11-10 08:19:00,2
75.6,5.3,2019-11-10 08:20:00,2
75.1,5.4,2019-11-10 08:21:00,2
74.5,5.6,2019-11-10 08:22:00,2
73.6,5.7,2019-11-10 08:23:00,2
73.4,5.8,2019-11-10 08:24:00,2
73.6,5.8,2019-11-10 08:25:00,2
73.8,5.8,2019-11-10 08:26:00,2
72.9,5.8,2019-11-10 08:27:00,2
73.0,5.8,2019-11-10 08:28:00,2
72.7,5.8,2019-11-10 08:29:00,2
72.9,5.9,2019-11-10 08:30:00,2
73.0,6.1,2019-11-10 08:31:00,2
72.7,6.2,2019-11-10 08:32:00,2
72.3,6.3,2019-11-10 08:33:00,2
72.0,6.3,2019-11-10 08:34:00,2
71.4,6.5,2019-11-10 08:35:00,2
70.3,6.5,2019-11-10 08:36:00,2
69.7,6.5,2019-11-10 08:37:00,2
70.0,6.6,2019-11-10 08:38:00,2
70.0,6.6,2019-11-10 08:39:00,2
69.6,6.7,2019-11-10 08:40:00,2
69.4,6.7,2019-11-10 08:41:00,2
68.9,6.7,2019-11-10 08:42:00,2
69.0,6.8,2019-11-10 08:43:00,2
68.7,7.0,2019-11-10 08:44:00,2
68.2,7.1,2019-11-10 08:45:00,2
68.4,7.1,2019-11-10 08:46:00,2
67.4,7.2,2019-11-10 08:47:00,2
68.1,7.2,2019-11-10 08:48:00,2
67.9,7.2,2019-11-10 08:49:00,2
67.7,7.2,2019-11-10 08:50:00,2
67.1,7.3,2019-11-10 08:51:00,2
66.9,7.3,2019-11-10 08:52:00,2
66.7,7.3,2019-11-10 08:53:00,2
66.7,7.3,2019-11-10 08:54:00,2
67.0,7.3,2019-11-10 08:55:00,2
67.7,7.3,2019-11-10 08:56:00,2
67.4,7.4,2019-11-10 08:57:00,2
66.8,7.4,2019-11-10 08:58:00,2
67.0,7.4,2019-11-10 08:59:00,2
67.1,7.5,2019-11-10 09:00:00,2
66.7,7.6,2019-11-10 09:01:00,2
65.6,7.7,2019-11-10 09:02:00,2
65.2,7.8,2019-11-10 09:03:00,2
65.1,7.8,2019-11-10 09:04:00,2
64.9,7.9,2019-11-10 09:05:00,2
64.6,8.0,2019-11-10 09:06:00,2
64.7,8.1,2019-11-10 09:07:00,2
64.3,8.0,2019-11-10 09:08:00,2
64.2,8.1,2019-11-10 09:09:00,2
64.5,8.2,2019-11-10 09:10:00,2
63.1,8.3,2019-11-10 09:11:00,2
62.6,8.3,2019-11-10 09:12:00,2
62.9,8.4,2019-11-10 09:13:00,2
62.0,8.5,2019-11-10 09:14:00,2
62.0,8.5,2019-11-10 09:15:00,2
61.8,8.6,2019-11-10 09:16:00,2
61.7,8.7,2019-11-10 09:17:00,2
61.8,8.7,2019-11-10 09:18:00,2
61.9,8.7,2019-11-10 09:19:00,2
61.7,8.7,2019-11-10 09:20:00,2
61.5,8.7,2019-11-10 09:21:00,2
61.1,8.8,2019-11-10 09:22:00,2
60.5,8.8,2019-11-10 09:23:00,2
61.0,8.8,2019-11-10 09:24:00,2
61.4,8.9,2019-11-10 09:25:00,2
61.2,9.0,2019-11-10 09:26:00,2
61.5,9.0,2019-11-10 09:27:00,2
61.4,9.1,2019-11-10 09:28:00,2
60.4,9.2,2019-11-10 09:29:00,2
59.7,9.2,2019-11-10 09:30:00,2
59.4,9.2,2019-11-10 09:31:00,2
60.2,9.3,2019-11-10 09:32:00,2
59.8,9.4,2019-11-10 09:33:00,2
60.0,9.4,2019-11-10 09:34:00,2
59.4,9.4,2019-11-10 09:35:00,2
58.8,9.5,2019-11-10 09:36:00,2
58.5,9.5,2019-11-10 09:37:00,2
58.1,9.5,2019-11-10 09:38:00,2
58.4,9.5,2019-11-10 09:39:00,2
57.7,9.6,2019-11-10 09:40:00,2
58.1,9.6,2019-11-10 09:41:00,2
58.1,9.7,2019-11-10 09:42:00,2
58.0,9.7,2019-11-10 09:43:00,2
57.2,9.8,2019-11-10 09:44:00,2
57.3,9.8,2019-11-10 09:45:00,2
57.2,9.8,2019-11-10 09:46:00,2
57.1,9.8,2019-11-10 09:47:00,2
58.1,9.8,2019-11-10 09:48:00,2
58.1,9.8,2019-11-10 09:49:00,2
58.5,9.9,2019-11-10 09:50:00,2
58.6,9.9,2019-11-10 09:51:00,2
58.4,10.0,2019-11-10 09:52:00,2
58.6,10.1,2019-11-10 09:53:00,2
58.3,10.1,2019-11-10 09:54:00,2
58.4,10.1,2019-11-10 09:55:00,2
59.3,10.2,2019-11-10 09:56:00,2
57.9,10.2,2019-11-10 09:57:00,2
57.9,10.3,2019-11-10 09:58:00,2
57.5,10.3,2019-11-10 09:59:00,2
56.5,10.4,2019-11-10 10:00:00,2
57.3,10.5,2019-11-10 10:01:00,2
57.0,10.6,2019-11-10 10:02:00,2
56.9,10.6,2019-11-10 10:03:00,2
56.6,10.7,2019-11-10 10:04:00,2
56.1,10.7,2019-11-10 10:05:00,2
55.4,10.7,2019-11-10 10:06:00,2
55.5,10.7,2019-11-10 10:07:00,2
55.4,10.7,2019-11-10 10:08:00,2
54.4,10.7,2019-11-10 10:09:00,2
55.0,10.7,2019-11-10 10:10:00,2
55.5,10.7,2019-11-10 10:11:00,2
55.4,10.7,2019-11-10 10:12:00,2
54.6,10.7,2019-11-10 10:13:00,2
54.7,10.7,2019-11-10 10:14:00,2
54.8,10.7,2019-11-10 10:15:00,2
55.2,10.7,2019-11-10 10:16:00,2
55.1,10.7,2019-11-10 10:17:00,2
55.1,10.7,2019-11-10 10:18:00,2
54.9,10.7,2019-11-10 10:19:00,2
54.7,10.7,2019-11-10 10:20:00,2
55.1,10.7,2019-11-10 10:21:00,2
54.8,10.8,2019-11-10 10:22:00,2
54.9,10.8,2019-11-10 10:23:00,2
55.3,10.8,2019-11-10 10:24:00,2
54.6,10.8,2019-11-10 10:25:00,2
54.2,10.8,2019-11-10 10:26:00,2
54.3,10.8,2019-11-10 10:27:00,2
54.3,10.8,2019-11-10 10:28:00,2
54.3,10.9,2019-11-10 10:29:00,2
55.1,10.9,2019-11-10 10:30:00,2
55.3,10.9,2019-11-10 10:31:00,2
55.5,10.9,2019-11-10 10:32:00,2
55.9,10.9,2019-11-10 10:33:00,2
55.5,11.0,2019-11-10 10:34:00,2
55.3,11.0,2019-11-10 10:35:00,2
54.6,11.0,2019-11-10 10:36:00,2
54.6,11.1,2019-11-10 10:37:00,2
54.3,11.1,2019-11-10 10:38:00,2
54.5,11.1,2019-11-10 10:39:00,2
54.4,11.1,2019-11-10 10:40:00,2
53.7,11.1,2019-11-10 10:41:00,2
53.8,11.2,2019-11-10 10:42:00,2
54.4,11.2,2019-11-10 10:43:00,2
54.3,11.2,2019-11-10 10:44:00,2
53.7,11.3,2019-11-10 10:45:00,2
54.7,11.3,2019-11-10 10:46:00,2
53.7,11.4,2019-11-10 10:47:00,2
53.3,11.4,2019-11-10 10:48:00,2
53.2,11.4,2019-11-10 10:49:00,2
53.5,11.5,2019-11-10 10:50:00,2
53.1,11.5,2019-11-10 10:51:00,2
53.4,11.5,2019-11-10 10:52:00,2
52.7,11.5,2019-11-10 10:53:00,2
52.3,11.5,2019-11-10 10:54:00,2
52.9,11.5,2019-11-10 10:55:00,2
52.8,11.6,2019-11-10 10:56:00,2
52.7,11.6,2019-11-10 10:57:00,2
52.5,11.6,2019-11-10 10:58:00,2
52.8,11.6,2019-11-10 10:59:00,2
53.5,11.7,2019-11-10 11:00:00,2
54.1,11.8,2019-11-10 11:01:00,2
53.1,11.8,2019-11-10 11:02:00,2
54.1,11.9,2019-11-10 11:03:00,2
53.2,12.0,2019-11-10 11:04:00,2
53.6,12.2,2019-11-10 11:05:00,2
53.7,12.2,2019-11-10 11:06:00,2
52.3,12.3,2019-11-10 11:07:00,2
51.7,12.3,2019-11-10 11:08:00,2
51.4,12.3,2019-11-10 11:09:00,2
51.7,12.3,2019-11-10 11:10:00,2
52.0,12.4,2019-11-10 11:11:00,2
51.2,12.4,2019-11-10 11:12:00,2
51.4,12.4,2019-11-10 11:13:00,2
50.9,12.4,2019-11-10 11:14:00,2
51.2,12.4,2019-11-10 11:15:00,2
50.9,12.4,2019-11-10 11:16:00,2
50.5,12.4,2019-11-10 11:17:00,2
51.1,12.5,2019-11-10 11:18:00,2
51.3,12.6,2019-11-10 11:19:00,2
51.3,12.7,2019-11-10 11:20:00,2
52.4,12.7,2019-11-10 11:21:00,2
51.0,12.8,2019-11-10 11:22:00,2
50.9,12.9,2019-11-10 11:23:00,2
50.3,12.9,2019-11-10 11:24:00,2
49.8,12.9,2019-11-10 11:25:00,2
49.8,12.9,2019-11-10 11:26:00,2
49.9,12.9,2019-11-10 11:27:00,2
50.1,12.9,2019-11-10 11:28:00,2
50.1,13.0,2019-11-10 11:29:00,2
49.9,13.0,2019-11-10 11:30:00,2
49.2,13.0,2019-11-10 11:31:00,2
50.2,13.1,2019-11-10 11:32:00,2
49.8,13.2,2019-11-10 11:33:00,2
49.7,13.3,2019-11-10 11:34:00,2
49.8,13.4,2019-11-10 11:35:00,2
50.0,13.5,2019-11-10 11:36:00,2
50.1,13.6,2019-11-10 11:37:00,2
50.4,13.7,2019-11-10 11:38:00,2
49.4,13.8,2019-11-10 11:39:00,2
49.0,13.8,2019-11-10 11:40:00,2
46.9,13.8,2019-11-10 11:41:00,2
47.5,13.8,2019-11-10 11:42:00,2
47.4,13.8,2019-11-10 11:43:00,2
47.6,13.9,2019-11-10 11:44:00,2
45.9,14.0,2019-11-10 11:45:00,2
45.9,14.0,2019-11-10 11:46:00,2
46.5,14.0,2019-11-10 11:47:00,2
46.1,14.0,2019-11-10 11:48:00,2
46.3,14.0,2019-11-10 11:49:00,2
46.0,14.1,2019-11-10 11:50:00,2
46.3,14.1,2019-11-10 11:51:00,2
46.1,14.1,2019-11-10 11:52:00,2
45.9,14.2,2019-11-10 11:53:00,2
46.0,14.2,2019-11-10 11:54:00,2
46.4,14.3,2019-11-10 11:55:00,2
46.2,14.3,2019-11-10 11:56:00,2
45.5,14.4,2019-11-10 11:57:00,2
45.5,14.4,2019-11-10 11:58:00,2
45.4,14.4,2019-11-10 11:59:00,2
45.6,14.4,2019-11-10 12:00:00,2
45.4,14.4,2019-11-10 12:01:00,2
45.9,14.5,2019-11-10 12:02:00,2
44.8,14.5,2019-11-10 12:03:00,2
44.6,14.5,2019-11-10 12:04:00,2
44.8,14.5,2019-11-10 12:05:00,2
44.7,14.5,2019-11-10 12:06:00,2
45.1,14.4,2019-11-10 12:07:00,2
45.6,14.5,2019-11-10 12:08:00,2
44.8,14.5,2019-11-10 12:09:00,2
44.1,14.6,2019-11-10 12:10:00,2
44.7,14.6,2019-11-10 12:11:00,2
44.3,14.6,2019-11-10 12:12:00,2
44.8,14.7,2019-11-10 12:13:00,2
44.7,14.7,2019-11-10 12:14:00,2
44.7,14.7,2019-11-10 12:15:00,2
43.9,14.8,2019-11-10 12:16:00,2
44.3,14.8,2019-11-10 12:17:00,2
43.9,14.8,2019-11-10 12:18:00,2
43.6,14.8,2019-11-10 12:19:00,2
43.8,14.9,2019-11-10 12:20:00,2
43.5,14.9,2019-11-10 12:21:00,2
43.9,14.9,2019-11-10 12:22:00,2
43.6,15.0,2019-11-10 12:23:00,2
43.9,15.0,2019-11-10 12:24:00,2
44.2,15.1,2019-11-10 12:25:00,2
45.3,15.2,2019-11-10 12:26:00,2
44.5,15.3,2019-11-10 12:27:00,2
44.2,15.3,2019-11-10 12:28:00,2
44.2,15.4,2019-11-10 12:29:00,2
43.2,15.5,2019-11-10 12:30:00,2
43.2,15.5,2019-11-10 12:31:00,2
43.0,15.5,2019-11-10 12:32:00,2
42.8,15.5,2019-11-10 12:33:00,2
42.3,15.5,2019-11-10 12:34:00,2
42.0,15.5,2019-11-10 12:35:00,2
42.9,15.5,2019-11-10 12:36:00,2
42.9,15.6,2019-11-10 12:37:00,2
43.4,15.6,2019-11-10 12:38:00,2
43.2,15.7,2019-11-10 12:39:00,2
43.3,15.8,2019-11-10 12:40:00,2
43.3,15.8,2019-11-10 12:41:00,2
42.9,15.7,2019-11-10 12:42:00,2
43.3,15.7,2019-11-10 12:43:00,2
44.0,15.8,2019-11-10 12:44:00,2
43.8,15.9,2019-11-10 12:45:00,2
43.5,15.9,2019-11-10 12:46:00,2
44.1,16.0,2019-11-10 12:47:00,2
43.4,16.0,2019-11-10 12:48:00,2
43.4,16.1,2019-11-10 12:49:00,2
42.4,16.1,2019-11-10 12:50:00,2
42.3,16.0,2019-11-10 12:51:00,2
42.8,16.1,2019-11-10 12:52:00,2
43.2,16.1,2019-11-10 12:53:00,2
42.7,16.1,2019-11-10 12:54:00,2
42.6,16.1,2019-11-10 12:55:00,2
42.7,16.1,2019-11-10 12:56:00,2
42.2,16.1,2019-11-10 12:57:00,2
42.1,16.1,2019-11-10 12:58:00,2
42.6,16.1,2019-11-10 12:59:00,2
41.7,16.1,2019-11-10 13:00:00,2
42.2,16.1,2019-11-10 13:01:00,2
42.9,16.2,2019-11-10 13:02:00,2
43.1,16.3,2019-11-10 13:03:00,2
42.6,16.4,2019-11-10 13:04:00,2
42.9,16.5,2019-11-10 13:05:00,2
42.6,16.5,2019-11-10 13:06:00,2
42.7,16.6,2019-11-10 13:07:00,2
42.4,16.6,2019-11-10 13:08:00,2
41.6,16.6,2019-11-10 13:09:00,2
40.9,16.6,2019-11-10 13:10:00,2
41.7,16.7,2019-11-10 13:11:00,2
41.7,16.7,2019-11-10 13:12:00,2
42.4,16.8,2019-11-10 13:13:00,2
41.9,16.8,2019-11-10 13:14:00,2
42.4,16.8,2019-11-10 13:15:00,2
41.1,16.9,2019-11-10 13:16:00,2
41.5,16.9,2019-11-10 13:17:00,2
40.8,16.9,2019-11-10 13:18:00,2
41.5,17.0,2019-11-10 13:19:00,2
41.4,17.0,2019-11-10 13:20:00,2
40.8,17.0,2019-11-10 13:21:00,2
41.0,17.0,2019-11-10 13:22:00,2
40.9,17.0,2019-11-10 13:23:00,2
40.7,17.0,2019-11-10 13:24:00,2
40.3,17.0,2019-11-10 13:25:00,2
40.4,17.0,2019-11-10 13:26:00,2
40.7,16.9,2019-11-10 13:27:00,2
41.1,17.0,2019-11-10 13:28:00,2
41.1,17.0,2019-11-10 13:29:00,2
41.6,17.2,2019-11-10 13:30:00,2
40.6,17.2,2019-11-10 13:31:00,2
41.2,17.2,2019-11-10 13:32:00,2
40.1,17.3,2019-11-10 13:33:00,2
39.9,17.3,2019-11-10 13:34:00,2
39.9,17.3,2019-11-10 13:35:00,2
40.3,17.4,2019-11-10 13:36:00,2
40.0,17.4,2019-11-10 13:37:00,2
38.9,17.3,2019-11-10 13:38:00,2
38.2,17.3,2019-11-10 13:39:00,2
39.0,17.4,2019-11-10 13:40:00,2
38.9,17.4,2019-11-10 13:41:00,2
38.5,17.4,2019-11-10 13:42:00,2
39.0,17.4,2019-11-10 13:43:00,2
39.5,17.5,2019-11-10 13:44:00,2
39.4,17.5,2019-11-10 13:45:00,2
39.2,17.5,2019-11-10 13:46:00,2
38.2,17.5,2019-11-10 13:47:00,2
37.2,17.5,2019-11-10 13:48:00,2
37.9,17.5,2019-11-10 13:49:00,2
38.0,17.5,2019-11-10 13:50:00,2
38.1,17.5,2019-11-10 13:51:00,2
37.9,17.5,2019-11-10 13:52:00,2
37.2,17.4,2019-11-10 13:53:00,2
37.5,17.4,2019-11-10 13:54:00,2
37.6,17.4,2019-11-10 13:55:00,2
37.2,17.3,2019-11-10 13:56:00,2
38.1,17.4,2019-11-10 13:57:00,2
37.9,17.4,2019-11-10 13:58:00,2
38.0,17.4,2019-11-10 13:59:00,2
38.0,17.4,2019-11-10 14:00:00,2
37.8,17.5,2019-11-10 14:01:00,2
37.7,17.5,2019-11-10 14:02:00,2
37.8,17.5,2019-11-10 14:03:00,2
38.0,17.5,2019-11-10 14:04:00,2
37.6,17.5,2019-11-10 14:05:00,2
38.1,17.5,2019-11-10 14:06:00,2
38.0,17.6,2019-11-10 14:07:00,2
38.4,17.7,2019-11-10 14:08:00,2
38.8,17.7,2019-11-10 14:09:00,2
38.8,17.7,2019-11-10 14:10:00,2
38.5,17.8,2019-11-10 14:11:00,2
38.0,17.8,2019-11-10 14:12:00,2
37.6,17.8,2019-11-10 14:13:00,2
38.1,17.8,2019-11-10 14:14:00,2
38.9,17.8,2019-11-10 14:15:00,2
38.5,17.8,2019-11-10 14:16:00,2
38.8,17.9,2019-11-10 14:17:00,2
38.5,18.0,2019-11-10 14:18:00,2
38.8,18.0,2019-11-10 14:19:00,2
38.5,18.0,2019-11-10 14:20:00,2
38.8,18.0,2019-11-10 14:21:00,2
38.4,18.1,2019-11-10 14:22:00,2
38.4,18.1,2019-11-10 14:23:00,2
38.4,18.2,2019-11-10 14:24:00,2
37.9,18.2,2019-11-10 14:25:00,2
37.9,18.2,2019-11-10 14:26:00,2
38.2,18.2,2019-11-10 14:27:00,2
38.6,18.2,2019-11-10 14:28:00,2
38.6,18.3,2019-11-10 14:29:00,2
38.0,18.3,2019-11-10 14:30:00,2
38.0,18.3,2019-11-10 14:31:00,2
38.1,18.3,2019-11-10 14:32:00,2
38.0,18.3,2019-11-10 14:33:00,2
37.8,18.3,2019-11-10 14:34:00,2
37.7,18.3,2019-11-10 14:35:00,2
37.8,18.3,2019-11-10 14:36:00,2
37.5,18.3,2019-11-10 14:37:00,2
37.9,18.4,2019-11-10 14:38:00,2
37.6,18.4,2019-11-10 14:39:00,2
38.2,18.4,2019-11-10 14:40:00,2
38.0,18.4,2019-11-10 14:41:00,2
37.6,18.4,2019-11-10 14:42:00,2
37.5,18.5,2019-11-10 14:43:00,2
38.0,18.4,2019-11-10 14:44:00,2
37.8,18.5,2019-11-10 14:45:00,2
37.7,18.5,2019-11-10 14:46:00,2
37.0,18.5,2019-11-10 14:47:00,2
37.0,18.5,2019-11-10 14:48:00,2
36.7,18.5,2019-11-10 14:49:00,2
36.8,18.5,2019-11-10 14:50:00,2
36.9,18.5,2019-11-10 14:51:00,2
37.3,18.5,2019-11-10 14:52:00,2
36.8,18.5,2019-11-10 14:53:00,2
37.7,18.5,2019-11-10 14:54:00,2
37.5,18.6,2019-11-10 14:55:00,2
37.2,18.6,2019-11-10 14:56:00,2
37.4,18.6,2019-11-10 14:57:00,2
37.6,18.6,2019-11-10 14:58:00,2
37.0,18.5,2019-11-10 14:59:00,2
36.6,18.5,2019-11-10 15:00:00,2
36.8,18.5,2019-11-10 15:01:00,2
37.0,18.6,2019-11-10 15:02:00,2
36.8,18.6,2019-11-10 15:03:00,2
37.3,18.5,2019-11-10 15:04:00,2
37.1,18.5,2019-11-10 15:05:00,2
37.5,18.6,2019-11-10 15:06:00,2
36.8,18.6,2019-11-10 15:07:00,2
36.8,18.6,2019-11-10 15:08:00,2
36.8,18.5,2019-11-10 15:09:00,2
36.7,18.5,2019-11-10 15:10:00,2
36.8,18.5,2019-11-10 15:11:00,2
37.2,18.5,2019-11-10 15:12:00,2
37.5,18.5,2019-11-10 15:13:00,2
37.4,18.6,2019-11-10 15:14:00,2
37.1,18.6,2019-11-10 15:15:00,2
37.1,18.6,2019-11-10 15:16:00,2
37.1,18.6,2019-11-10 15:17:00,2
36.3,18.6,2019-11-10 15:18:00,2
36.7,18.6,2019-11-10 15:19:00,2
37.0,18.6,2019-11-10 15:20:00,2
36.5,18.6,2019-11-10 15:21:00,2
36.3,18.6,2019-11-10 15:22:00,2
36.4,18.6,2019-11-10 15:23:00,2
36.1,18.6,2019-11-10 15:24:00,2
36.3,18.6,2019-11-10 15:25:00,2
36.2,18.6,2019-11-10 15:26:00,2
36.3,18.6,2019-11-10 15:27:00,2
36.1,18.6,2019-11-10 15:28:00,2
35.6,18.5,2019-11-10 15:29:00,2
35.3,18.5,2019-11-10 15:30:00,2
35.7,18.5,2019-11-10 15:31:00,2
35.0,18.5,2019-11-10 15:32:00,2
35.3,18.5,2019-11-10 15:33:00,2
35.1,18.5,2019-11-10 15:34:00,2
35.2,18.5,2019-11-10 15:35:00,2
34.9,18.5,2019-11-10 15:36:00,2
35.4,18.4,2019-11-10 15:37:00,2
35.6,18.4,2019-11-10 15:38:00,2
35.3,18.4,2019-11-10 15:39:00,2
35.5,18.4,2019-11-10 15:40:00,2
35.6,18.3,2019-11-10 15:41:00,2
35.7,18.4,2019-11-10 15:42:00,2
35.0,18.4,2019-11-10 15:43:00,2
35.2,18.4,2019-11-10 15:44:00,2
35.3,18.3,2019-11-10 15:45:00,2
35.4,18.3,2019-11-10 15:46:00,2
35.6,18.3,2019-11-10 15:47:00,2
35.9,18.3,2019-11-10 15:48:00,2
35.7,18.3,2019-11-10 15:49:00,2
35.4,18.3,2019-11-10 15:50:00,2
35.4,18.4,2019-11-10 15:51:00,2
36.2,18.3,2019-11-10 15:52:00,2
36.7,18.3,2019-11-10 15:53:00,2
37.3,18.3,2019-11-10 15:54:00,2
37.7,18.2,2019-11-10 15:55:00,2
38.1,18.2,2019-11-10 15:56:00,2
38.4,18.2,2019-11-10 15:57:00,2
38.3,18.1,2019-11-10 15:58:00,2
38.4,18.1,2019-11-10 15:59:00,2
38.6,18.0,2019-11-10 16:00:00,2
38.7,18.0,2019-11-10 16:01:00,2
38.8,17.9,2019-11-10 16:02:00,2
38.8,17.9,2019-11-10 16:03:00,2
38.7,17.9,2019-11-10 16:04:00,2
38.8,17.8,2019-11-10 16:05:00,2
38.9,17.8,2019-11-10 16:06:00,2
39.3,17.8,2019-11-10 16:07:00,2
39.6,17.8,2019-11-10 16:08:00,2
39.5,17.8,2019-11-10 16:09:00,2
39.5,17.7,2019-11-10 16:10:00,2
39.7,17.7,2019-11-10 16:11:00,2
39.6,17.6,2019-11-10 16:12:00,2
39.6,17.6,2019-11-10 16:13:00,2
39.7,17.5,2019-11-10 16:14:00,2
40.0,17.5,2019-11-10 16:15:00,2
40.0,17.5,2019-11-10 16:16:00,2
40.1,17.5,2019-11-10 16:17:00,2
40.0,17.5,2019-11-10 16:18:00,2
40.0,17.4,2019-11-10 16:19:00,2
40.2,17.3,2019-11-10 16:20:00,2
40.3,17.3,2019-11-10 16:21:00,2
40.2,17.3,2019-11-10 16:22:00,2
40.0,17.3,2019-11-10 16:23:00,2
40.2,17.2,2019-11-10 16:24:00,2
40.3,17.2,2019-11-10 16:25:00,2
40.3,17.2,2019-11-10 16:26:00,2
40.4,17.1,2019-11-10 16:27:00,2
40.4,17.1,2019-11-10 16:28:00,2
40.6,17.0,2019-11-10 16:29:00,2
40.6,17.0,2019-11-10 16:30:00,2
40.5,17.0,2019-11-10 16:31:00,2
40.8,16.9,2019-11-10 16:32:00,2
40.7,16.9,2019-11-10 16:33:00,2
40.8,16.8,2019-11-10 16:34:00,2
41.0,16.8,2019-11-10 16:35:00,2
41.1,16.8,2019-11-10 16:36:00,2
41.2,16.8,2019-11-10 16:37:00,2
41.2,16.8,2019-11-10 16:38:00,2
41.5,16.8,2019-11-10 16:39:00,2
41.4,16.7,2019-11-10 16:40:00,2
41.3,16.7,2019-11-10 16:41:00,2
41.6,16.6,2019-11-10 16:42:00,2
41.7,16.6,2019-11-10 16:43:00,2
41.8,16.6,2019-11-10 16:44:00,2
41.8,16.6,2019-11-10 16:45:00,2
41.8,16.5,2019-11-10 16:46:00,2
42.1,16.5,2019-11-10 16:47:00,2
42.1,16.5,2019-11-10 16:48:00,2
42.3,16.4,2019-11-10 16:49:00,2
42.5,16.4,2019-11-10 16:50:00,2
42.5,16.4,2019-11-10 16:51:00,2
42.3,16.3,2019-11-10 16:52:00,2
42.1,16.3,2019-11-10 16:53:00,2
42.2,16.3,2019-11-10 16:54:00,2
42.1,16.3,2019-11-10 16:55:00,2
42.1,16.2,2019-11-10 16:56:00,2
42.3,16.2,2019-11-10 16:57:00,2
