Timestamp for sample frequency every 1 min,Temperature_Celsius,Relative_Humidity
2020-05-15 15:20:00,28.9,53.2
2020-05-15 15:21:00,28.9,53.2
2020-05-15 15:22:00,28.5,52.7
2020-05-15 15:23:00,27.7,53.6
2020-05-15 15:24:00,27.5,53.9
2020-05-15 15:25:00,27.3,54.4
2020-05-15 15:26:00,27.2,54.9
2020-05-15 15:27:00,27.1,55.2
2020-05-15 15:28:00,27,55.9
2020-05-15 15:29:00,26.9,56.2
2020-05-15 15:30:00,26.9,56.4
2020-05-15 15:31:00,26.8,56.9
2020-05-15 15:32:00,26.7,57.1
2020-05-15 15:33:00,26.7,57.3
2020-05-15 15:34:00,26.6,57.5
2020-05-15 15:35:00,26.6,57.7
2020-05-15 15:36:00,26.6,58
2020-05-15 15:37:00,26.5,58.2
2020-05-15 15:38:00,26.5,58.4
2020-05-15 15:39:00,26.5,58.5
2020-05-15 15:40:00,26.4,58.7
2020-05-15 15:41:00,26.4,58.8
2020-05-15 15:42:00,26.4,59
2020-05-15 15:43:00,26.4,59.2
2020-05-15 15:44:00,26.4,59.3
2020-05-15 15:45:00,26.3,59.4
2020-05-15 15:46:00,26.3,59.5
2020-05-15 15:47:00,26.3,59.6
2020-05-15 15:48:00,26.3,59.8
2020-05-15 15:49:00,26.3,59.9
2020-05-15 15:50:00,26.3,60
2020-05-15 15:51:00,26.3,60.1
2020-05-15 15:52:00,26.3,60.2
2020-05-15 15:53:00,26.3,60.3
2020-05-15 15:54:00,26.3,60.3
2020-05-15 15:55:00,26.3,60.4
2020-05-15 15:56:00,26.3,60.5
2020-05-15 15:57:00,26.3,60.6
2020-05-15 15:58:00,26.3,60.7
2020-05-15 15:59:00,26.3,60.7
2020-05-15 16:00:00,26.3,60.8
2020-05-15 16:01:00,26.3,60.9
2020-05-15 16:02:00,26.3,60.9
2020-05-15 16:03:00,26.3,61
2020-05-15 16:04:00,26.3,61
2020-05-15 16:05:00,26.3,61
2020-05-15 16:06:00,26.3,61.1
2020-05-15 16:07:00,26.3,61.1
2020-05-15 16:08:00,26.3,61.2
2020-05-15 16:09:00,26.3,61.2
2020-05-15 16:10:00,26.4,61.3
2020-05-15 16:11:00,26.4,61.3
2020-05-15 16:12:00,26.4,61.3
2020-05-15 16:13:00,26.4,61.4
2020-05-15 16:14:00,26.4,61.4
2020-05-15 16:15:00,26.4,61.5
2020-05-15 16:16:00,26.4,61.5
2020-05-15 16:17:00,26.4,61.5
2020-05-15 16:18:00,26.4,61.5
2020-05-15 16:19:00,26.4,61.6
2020-05-15 16:20:00,26.4,61.6
2020-05-15 16:21:00,26.5,61.7
2020-05-15 16:22:00,26.5,61.7
2020-05-15 16:23:00,26.5,61.6
2020-05-15 16:24:00,26.5,61.7
2020-05-15 16:25:00,26.5,61.8
2020-05-15 16:26:00,26.5,61.8
2020-05-15 16:27:00,26.5,61.8
2020-05-15 16:28:00,26.5,61.8
2020-05-15 16:29:00,26.5,61.8
2020-05-15 16:30:00,26.5,61.8
2020-05-15 16:31:00,26.5,61.9
2020-05-15 16:32:00,26.5,61.9
2020-05-15 16:33:00,26.5,61.9
2020-05-15 16:34:00,26.6,61.9
2020-05-15 16:35:00,26.6,61.9
2020-05-15 16:36:00,26.6,61.9
2020-05-15 16:37:00,26.6,62
2020-05-15 16:38:00,26.6,62
2020-05-15 16:39:00,26.6,62
2020-05-15 16:40:00,26.6,62
2020-05-15 16:41:00,26.6,62.1
2020-05-15 16:42:00,26.6,62.1
2020-05-15 16:43:00,26.7,62.1
2020-05-15 16:44:00,26.7,62.1
2020-05-15 16:45:00,26.7,62.1
2020-05-15 16:46:00,26.7,62.1
2020-05-15 16:47:00,26.7,62.1
2020-05-15 16:48:00,26.7,62.2
2020-05-15 16:49:00,26.7,62.2
2020-05-15 16:50:00,26.7,62.2
2020-05-15 16:51:00,26.7,62.2
2020-05-15 16:52:00,26.7,62.2
2020-05-15 16:53:00,26.8,62.2
2020-05-15 16:54:00,26.8,62.2
2020-05-15 16:55:00,26.8,62.2
2020-05-15 16:56:00,26.8,62.3
2020-05-15 16:57:00,26.8,62.3
2020-05-15 16:58:00,26.8,62.2
2020-05-15 16:59:00,26.8,62.3
2020-05-15 17:00:00,26.8,62.3
2020-05-15 17:01:00,26.8,62.3
2020-05-15 17:02:00,26.8,62.3
2020-05-15 17:03:00,26.8,62.3
2020-05-15 17:04:00,26.9,62.3
2020-05-15 17:05:00,26.9,62.3
2020-05-15 17:06:00,26.9,62.4
2020-05-15 17:07:00,26.9,62.4
2020-05-15 17:08:00,26.9,62.4
2020-05-15 17:09:00,26.9,62.4
2020-05-15 17:10:00,26.9,62.5
2020-05-15 17:11:00,26.9,62.5
2020-05-15 17:12:00,26.9,62.5
2020-05-15 17:13:00,27,62.5
2020-05-15 17:14:00,27,62.6
2020-05-15 17:15:00,27,62.6
2020-05-15 17:16:00,27,62.6
2020-05-15 17:17:00,27,62.6
2020-05-15 17:18:00,27,62.6
2020-05-15 17:19:00,27,62.6
2020-05-15 17:20:00,27,62.6
2020-05-15 17:21:00,27,62.7
2020-05-15 17:22:00,27,62.7
2020-05-15 17:23:00,27,62.7
2020-05-15 17:24:00,27,62.7
2020-05-15 17:25:00,27,62.7
2020-05-15 17:26:00,27,62.7
2020-05-15 17:27:00,27,62.7
2020-05-15 17:28:00,27,62.8
2020-05-15 17:29:00,27,62.7
2020-05-15 17:30:00,27.1,62.8
2020-05-15 17:31:00,27.1,62.7
2020-05-15 17:32:00,27.1,62.8
2020-05-15 17:33:00,27.1,62.8
2020-05-15 17:34:00,27.1,62.8
2020-05-15 17:35:00,27.1,62.8
2020-05-15 17:36:00,27.1,62.8
2020-05-15 17:37:00,27.1,62.8
2020-05-15 17:38:00,27.1,62.8
2020-05-15 17:39:00,27.1,62.8
2020-05-15 17:40:00,27.1,62.9
2020-05-15 17:41:00,27.1,62.9
2020-05-15 17:42:00,27.1,62.9
2020-05-15 17:43:00,27.1,62.9
2020-05-15 17:44:00,27.2,62.9
2020-05-15 17:45:00,27.2,62.9
2020-05-15 17:46:00,27.2,62.9
2020-05-15 17:47:00,27.2,62.9
2020-05-15 17:48:00,27.2,63
2020-05-15 17:49:00,27.2,63
2020-05-15 17:50:00,27.2,63
2020-05-15 17:51:00,27.2,63
2020-05-15 17:52:00,27.2,63
2020-05-15 17:53:00,27.2,63
2020-05-15 17:54:00,27.3,63
2020-05-15 17:55:00,27.2,63
2020-05-15 17:56:00,27.3,63.1
2020-05-15 17:57:00,27.3,63.1
2020-05-15 17:58:00,27.3,63.1
2020-05-15 17:59:00,27.3,63.1
2020-05-15 18:00:00,27.3,63.1
2020-05-15 18:01:00,27.3,63.1
2020-05-15 18:02:00,27.3,63.2
2020-05-15 18:03:00,27.3,63.2
2020-05-15 18:04:00,27.3,63.2
2020-05-15 18:05:00,27.3,63.2
2020-05-15 18:06:00,27.3,63.1
2020-05-15 18:07:00,27.3,63.2
2020-05-15 18:08:00,27.3,63.2
2020-05-15 18:09:00,27.3,63.2
2020-05-15 18:10:00,27.3,63.3
2020-05-15 18:11:00,27.3,63.2
2020-05-15 18:12:00,27.3,63.3
2020-05-15 18:13:00,27.3,63.3
2020-05-15 18:14:00,27.3,63.3
2020-05-15 18:15:00,27.3,63.3
2020-05-15 18:16:00,27.3,63.3
2020-05-15 18:17:00,27.3,63.3
2020-05-15 18:18:00,27.3,63.4
2020-05-15 18:19:00,27.3,63.4
2020-05-15 18:20:00,27.4,63.5
2020-05-15 18:21:00,27.4,63.5
2020-05-15 18:22:00,27.3,63.4
2020-05-15 18:23:00,27.4,63.5
2020-05-15 18:24:00,27.4,63.5
2020-05-15 18:25:00,27.4,63.6
2020-05-15 18:26:00,27.4,63.6
2020-05-15 18:27:00,27.4,63.6
2020-05-15 18:28:00,27.4,63.6
2020-05-15 18:29:00,27.4,63.6
2020-05-15 18:30:00,27.4,63.6
2020-05-15 18:31:00,27.4,63.6
2020-05-15 18:32:00,27.4,63.7
2020-05-15 18:33:00,27.4,63.7
2020-05-15 18:34:00,27.4,63.7
2020-05-15 18:35:00,27.4,63.8
2020-05-15 18:36:00,27.4,63.8
2020-05-15 18:37:00,27.4,63.8
2020-05-15 18:38:00,27.4,63.8
2020-05-15 18:39:00,27.4,63.8
2020-05-15 18:40:00,27.4,63.9
2020-05-15 18:41:00,27.4,63.9
2020-05-15 18:42:00,27.4,63.9
2020-05-15 18:43:00,27.4,63.9
2020-05-15 18:44:00,27.4,63.9
2020-05-15 18:45:00,27.4,63.9
2020-05-15 18:46:00,27.4,64
2020-05-15 18:47:00,27.4,64
2020-05-15 18:48:00,27.4,64
2020-05-15 18:49:00,27.4,64
2020-05-15 18:50:00,27.4,64
2020-05-15 18:51:00,27.4,64
2020-05-15 18:52:00,27.4,64.1
2020-05-15 18:53:00,27.4,64.1
2020-05-15 18:54:00,27.4,64.1
2020-05-15 18:55:00,27.4,64.1
2020-05-15 18:56:00,27.4,64.1
2020-05-15 18:57:00,27.4,64.1
2020-05-15 18:58:00,27.4,64.1
2020-05-15 18:59:00,27.4,64.2
2020-05-15 19:00:00,27.4,64.2
2020-05-15 19:01:00,27.4,64.2
2020-05-15 19:02:00,27.4,64.2
2020-05-15 19:03:00,27.4,64.2
2020-05-15 19:04:00,27.4,64.1
2020-05-15 19:05:00,27.4,64
2020-05-15 19:06:00,27.4,63.7
2020-05-15 19:07:00,27.4,63.9
2020-05-15 19:08:00,27.4,64
2020-05-15 19:09:00,27.4,64
2020-05-15 19:10:00,27.4,64
2020-05-15 19:11:00,27.4,64.1
2020-05-15 19:12:00,27.4,64.1
2020-05-15 19:13:00,27.4,64.2
2020-05-15 19:14:00,27.4,64.1
2020-05-15 19:15:00,27.4,64.1
2020-05-15 19:16:00,27.4,64.1
2020-05-15 19:17:00,27.4,64.1
2020-05-15 19:18:00,27.4,64.1
2020-05-15 19:19:00,27.4,64.1
2020-05-15 19:20:00,27.3,64.1
2020-05-15 19:21:00,27.3,64.1
2020-05-15 19:22:00,27.3,64.1
2020-05-15 19:23:00,27.3,64.1
2020-05-15 19:24:00,27.3,64.1
2020-05-15 19:25:00,27.3,64.1
2020-05-15 19:26:00,27.3,64.1
2020-05-15 19:27:00,27.3,64.1
2020-05-15 19:28:00,27.3,64.2
2020-05-15 19:29:00,27.3,64.2
2020-05-15 19:30:00,27.3,64.2
2020-05-15 19:31:00,27.3,64.3
2020-05-15 19:32:00,27.2,64.3
2020-05-15 19:33:00,27.2,64.3
2020-05-15 19:34:00,27.2,64.4
2020-05-15 19:35:00,27.2,64.4
2020-05-15 19:36:00,27.2,64.4
2020-05-15 19:37:00,27.2,64.5
2020-05-15 19:38:00,27.2,64.5
2020-05-15 19:39:00,27.2,64.5
2020-05-15 19:40:00,27.1,64.5
2020-05-15 19:41:00,27.1,64.6
2020-05-15 19:42:00,27.1,64.6
2020-05-15 19:43:00,27.1,64.7
2020-05-15 19:44:00,27.1,64.7
2020-05-15 19:45:00,27.1,64.7
2020-05-15 19:46:00,27.1,64.8
2020-05-15 19:47:00,27,64.8
2020-05-15 19:48:00,27,64.8
2020-05-15 19:49:00,27,64.9
2020-05-15 19:50:00,27,64.9
2020-05-15 19:51:00,27,64.9
2020-05-15 19:52:00,27,65
2020-05-15 19:53:00,27,65.1
2020-05-15 19:54:00,27,65.1
2020-05-15 19:55:00,26.9,65.2
2020-05-15 19:56:00,26.9,65.2
2020-05-15 19:57:00,26.9,65.3
2020-05-15 19:58:00,26.8,65.4
2020-05-15 19:59:00,26.8,65.4
2020-05-15 20:00:00,26.8,65.5
2020-05-15 20:01:00,26.8,65.5
2020-05-15 20:02:00,26.7,65.6
2020-05-15 20:03:00,26.7,65.7
2020-05-15 20:04:00,26.7,65.7
2020-05-15 20:05:00,26.7,65.8
2020-05-15 20:06:00,26.6,65.9
2020-05-15 20:07:00,26.6,66
2020-05-15 20:08:00,26.6,66.1
2020-05-15 20:09:00,26.6,66.1
2020-05-15 20:10:00,26.6,66.2
2020-05-15 20:11:00,26.5,66.2
2020-05-15 20:12:00,26.5,66.3
2020-05-15 20:13:00,26.5,66.3
2020-05-15 20:14:00,26.5,66.4
2020-05-15 20:15:00,26.5,66.5
2020-05-15 20:16:00,26.4,66.5
2020-05-15 20:17:00,26.4,66.6
2020-05-15 20:18:00,26.4,66.7
2020-05-15 20:19:00,26.4,66.8
2020-05-15 20:20:00,26.3,66.8
2020-05-15 20:21:00,26.3,66.9
2020-05-15 20:22:00,26.3,66.9
2020-05-15 20:23:00,26.3,67
2020-05-15 20:24:00,26.3,67.1
2020-05-15 20:25:00,26.2,67.1
2020-05-15 20:26:00,26.2,67.2
2020-05-15 20:27:00,26.2,67.3
2020-05-15 20:28:00,26.1,67.4
2020-05-15 20:29:00,26.1,67.4
2020-05-15 20:30:00,26.1,67.5
2020-05-15 20:31:00,26.1,67.6
2020-05-15 20:32:00,26.1,67.6
2020-05-15 20:33:00,26,67.7
2020-05-15 20:34:00,26,67.7
2020-05-15 20:35:00,26,67.8
2020-05-15 20:36:00,26,67.8
2020-05-15 20:37:00,26,67.9
2020-05-15 20:38:00,26,68
2020-05-15 20:39:00,25.9,68
2020-05-15 20:40:00,25.9,68.1
2020-05-15 20:41:00,25.9,68.1
2020-05-15 20:42:00,25.9,68.2
2020-05-15 20:43:00,25.8,68.2
2020-05-15 20:44:00,25.8,68.3
2020-05-15 20:45:00,25.8,68.3
2020-05-15 20:46:00,25.8,68.4
2020-05-15 20:47:00,25.7,68.4
2020-05-15 20:48:00,25.7,68.5
2020-05-15 20:49:00,25.7,68.6
2020-05-15 20:50:00,25.7,68.6
2020-05-15 20:51:00,25.7,68.7
2020-05-15 20:52:00,25.6,68.7
2020-05-15 20:53:00,25.6,68.8
2020-05-15 20:54:00,25.6,68.8
2020-05-15 20:55:00,25.6,68.8
2020-05-15 20:56:00,25.6,68.9
2020-05-15 20:57:00,25.6,68.9
2020-05-15 20:58:00,25.5,69
2020-05-15 20:59:00,25.5,69
2020-05-15 21:00:00,25.5,69
2020-05-15 21:01:00,25.5,69.1
2020-05-15 21:02:00,25.5,69.1
2020-05-15 21:03:00,25.5,69.2
2020-05-15 21:04:00,25.5,69.2
2020-05-15 21:05:00,25.4,69.3
2020-05-15 21:06:00,25.4,69.3
2020-05-15 21:07:00,25.4,69.3
2020-05-15 21:08:00,25.4,69.4
2020-05-15 21:09:00,25.3,69.4
2020-05-15 21:10:00,25.3,69.5
2020-05-15 21:11:00,25.3,69.5
2020-05-15 21:12:00,25.3,69.5
2020-05-15 21:13:00,25.3,69.6
2020-05-15 21:14:00,25.3,69.6
2020-05-15 21:15:00,25.2,69.6
2020-05-15 21:16:00,25.2,69.7
2020-05-15 21:17:00,25.2,69.7
2020-05-15 21:18:00,25.2,69.7
2020-05-15 21:19:00,25.2,69.7
2020-05-15 21:20:00,25.1,69.8
2020-05-15 21:21:00,25.1,69.8
2020-05-15 21:22:00,25.1,69.9
2020-05-15 21:23:00,25.1,69.9
2020-05-15 21:24:00,25.1,69.9
2020-05-15 21:25:00,25,70
2020-05-15 21:26:00,25,70
2020-05-15 21:27:00,25,70
2020-05-15 21:28:00,25,70.1
2020-05-15 21:29:00,25,70.1
2020-05-15 21:30:00,25,70.1
2020-05-15 21:31:00,25,70.2
2020-05-15 21:32:00,24.9,70.2
2020-05-15 21:33:00,24.9,70.2
2020-05-15 21:34:00,24.9,70.3
2020-05-15 21:35:00,24.9,70.3
2020-05-15 21:36:00,24.9,70.3
2020-05-15 21:37:00,24.8,70.3
2020-05-15 21:38:00,24.8,70.4
2020-05-15 21:39:00,24.8,70.4
2020-05-15 21:40:00,24.8,70.5
2020-05-15 21:41:00,24.8,70.5
2020-05-15 21:42:00,24.8,70.5
2020-05-15 21:43:00,24.7,70.6
2020-05-15 21:44:00,24.7,70.6
2020-05-15 21:45:00,24.7,70.6
2020-05-15 21:46:00,24.7,70.7
2020-05-15 21:47:00,24.6,70.7
2020-05-15 21:48:00,24.6,70.7
2020-05-15 21:49:00,24.6,70.7
2020-05-15 21:50:00,24.6,70.8
2020-05-15 21:51:00,24.6,70.8
2020-05-15 21:52:00,24.6,70.8
2020-05-15 21:53:00,24.5,70.9
2020-05-15 21:54:00,24.5,70.9
2020-05-15 21:55:00,24.5,70.9
2020-05-15 21:56:00,24.5,71
2020-05-15 21:57:00,24.5,71
2020-05-15 21:58:00,24.5,71
2020-05-15 21:59:00,24.5,71.1
2020-05-15 22:00:00,24.4,71.1
2020-05-15 22:01:00,24.4,71.1
2020-05-15 22:02:00,24.4,71.2
2020-05-15 22:03:00,24.4,71.2
2020-05-15 22:04:00,24.3,71.2
2020-05-15 22:05:00,24.3,71.3
2020-05-15 22:06:00,24.3,71.3
2020-05-15 22:07:00,24.3,71.3
2020-05-15 22:08:00,24.3,71.4
2020-05-15 22:09:00,24.3,71.4
2020-05-15 22:10:00,24.2,71.4
2020-05-15 22:11:00,24.2,71.4
2020-05-15 22:12:00,24.2,71.5
2020-05-15 22:13:00,24.2,71.5
2020-05-15 22:14:00,24.1,71.5
2020-05-15 22:15:00,24.1,71.6
2020-05-15 22:16:00,24.1,71.6
2020-05-15 22:17:00,24.1,71.6
2020-05-15 22:18:00,24.1,71.6
2020-05-15 22:19:00,24.1,71.7
2020-05-15 22:20:00,24,71.7
2020-05-15 22:21:00,24,71.7
2020-05-15 22:22:00,24,71.7
2020-05-15 22:23:00,24,71.8
2020-05-15 22:24:00,24,71.8
2020-05-15 22:25:00,24,71.8
2020-05-15 22:26:00,23.9,71.8
2020-05-15 22:27:00,23.9,71.9
2020-05-15 22:28:00,23.9,71.9
2020-05-15 22:29:00,23.9,71.9
2020-05-15 22:30:00,23.8,71.9
2020-05-15 22:31:00,23.8,72
2020-05-15 22:32:00,23.8,72
2020-05-15 22:33:00,23.8,72
2020-05-15 22:34:00,23.8,72.1
2020-05-15 22:35:00,23.7,72.1
2020-05-15 22:36:00,23.7,72.1
2020-05-15 22:37:00,23.7,72.1
2020-05-15 22:38:00,23.7,72.1
2020-05-15 22:39:00,23.7,72.2
2020-05-15 22:40:00,23.6,72.2
2020-05-15 22:41:00,23.6,72.2
2020-05-15 22:42:00,23.6,72.3
2020-05-15 22:43:00,23.6,72.3
2020-05-15 22:44:00,23.6,72.3
2020-05-15 22:45:00,23.5,72.3
2020-05-15 22:46:00,23.5,72.3
2020-05-15 22:47:00,23.5,72.4
2020-05-15 22:48:00,23.5,72.4
2020-05-15 22:49:00,23.5,72.4
2020-05-15 22:50:00,23.5,72.5
2020-05-15 22:51:00,23.4,72.5
2020-05-15 22:52:00,23.4,72.5
2020-05-15 22:53:00,23.4,72.5
2020-05-15 22:54:00,23.4,72.5
2020-05-15 22:55:00,23.4,72.6
2020-05-15 22:56:00,23.3,72.6
2020-05-15 22:57:00,23.3,72.6
2020-05-15 22:58:00,23.3,72.6
2020-05-15 22:59:00,23.3,72.7
2020-05-15 23:00:00,23.3,72.7
2020-05-15 23:01:00,23.3,72.7
2020-05-15 23:02:00,23.2,72.7
2020-05-15 23:03:00,23.2,72.7
2020-05-15 23:04:00,23.2,72.8
2020-05-15 23:05:00,23.1,72.8
2020-05-15 23:06:00,23.1,72.8
2020-05-15 23:07:00,23.1,72.8
2020-05-15 23:08:00,23.1,72.9
2020-05-15 23:09:00,23.1,72.9
2020-05-15 23:10:00,23.1,72.9
2020-05-15 23:11:00,23,72.9
2020-05-15 23:12:00,23,73
2020-05-15 23:13:00,23,73
2020-05-15 23:14:00,23,73
2020-05-15 23:15:00,23,73.1
2020-05-15 23:16:00,23,73.1
2020-05-15 23:17:00,23,73.1
2020-05-15 23:18:00,22.9,73.2
2020-05-15 23:19:00,22.9,73.2
2020-05-15 23:20:00,22.9,73.2
2020-05-15 23:21:00,22.9,73.2
2020-05-15 23:22:00,22.8,73.3
2020-05-15 23:23:00,22.8,73.3
2020-05-15 23:24:00,22.8,73.3
2020-05-15 23:25:00,22.8,73.3
2020-05-15 23:26:00,22.8,73.3
2020-05-15 23:27:00,22.7,73.3
2020-05-15 23:28:00,22.7,73.3
2020-05-15 23:29:00,22.7,73.3
2020-05-15 23:30:00,22.7,73.4
2020-05-15 23:31:00,22.7,73.4
2020-05-15 23:32:00,22.6,73.4
2020-05-15 23:33:00,22.6,73.5
2020-05-15 23:34:00,22.6,73.5
2020-05-15 23:35:00,22.6,73.5
2020-05-15 23:36:00,22.6,73.5
2020-05-15 23:37:00,22.6,73.6
2020-05-15 23:38:00,22.5,73.5
2020-05-15 23:39:00,22.5,73.6
2020-05-15 23:40:00,22.5,73.7
2020-05-15 23:41:00,22.5,73.7
2020-05-15 23:42:00,22.5,73.7
2020-05-15 23:43:00,22.5,73.7
2020-05-15 23:44:00,22.5,73.7
2020-05-15 23:45:00,22.4,73.8
2020-05-15 23:46:00,22.4,73.8
2020-05-15 23:47:00,22.4,73.8
2020-05-15 23:48:00,22.4,73.8
2020-05-15 23:49:00,22.4,73.8
2020-05-15 23:50:00,22.3,73.8
2020-05-15 23:51:00,22.3,73.8
2020-05-15 23:52:00,22.3,73.8
2020-05-15 23:53:00,22.3,73.9
2020-05-15 23:54:00,22.3,73.9
2020-05-15 23:55:00,22.2,73.9
2020-05-15 23:56:00,22.2,73.9
2020-05-15 23:57:00,22.2,73.9
2020-05-15 23:58:00,22.2,74
2020-05-15 23:59:00,22.2,73.9
2020-05-16 00:00:00,22.1,74
2020-05-16 00:01:00,22.1,74
2020-05-16 00:02:00,22.1,74
2020-05-16 00:03:00,22.1,74
2020-05-16 00:04:00,22.1,74.1
2020-05-16 00:05:00,22.1,74.1
2020-05-16 00:06:00,22,74.1
2020-05-16 00:07:00,22,74.1
2020-05-16 00:08:00,22,74.1
2020-05-16 00:09:00,22,74.1
2020-05-16 00:10:00,22,74.1
2020-05-16 00:11:00,22,74.1
2020-05-16 00:12:00,22,74.1
2020-05-16 00:13:00,22,74.2
2020-05-16 00:14:00,21.9,74.2
2020-05-16 00:15:00,21.9,74.2
2020-05-16 00:16:00,21.9,74.2
2020-05-16 00:17:00,21.9,74.2
2020-05-16 00:18:00,21.8,74.3
2020-05-16 00:19:00,21.8,74.3
2020-05-16 00:20:00,21.8,74.2
2020-05-16 00:21:00,21.8,74.3
2020-05-16 00:22:00,21.8,74.3
2020-05-16 00:23:00,21.7,74.4
2020-05-16 00:24:00,21.7,74.4
2020-05-16 00:25:00,21.7,74.4
2020-05-16 00:26:00,21.7,74.4
2020-05-16 00:27:00,21.7,74.4
2020-05-16 00:28:00,21.7,74.4
2020-05-16 00:29:00,21.7,74.5
2020-05-16 00:30:00,21.6,74.5
2020-05-16 00:31:00,21.6,74.5
2020-05-16 00:32:00,21.6,74.5
2020-05-16 00:33:00,21.6,74.5
2020-05-16 00:34:00,21.6,74.5
2020-05-16 00:35:00,21.6,74.5
2020-05-16 00:36:00,21.5,74.5
2020-05-16 00:37:00,21.5,74.5
2020-05-16 00:38:00,21.5,74.5
2020-05-16 00:39:00,21.5,74.5
2020-05-16 00:40:00,21.5,74.6
2020-05-16 00:41:00,21.5,74.6
2020-05-16 00:42:00,21.5,74.6
2020-05-16 00:43:00,21.4,74.6
2020-05-16 00:44:00,21.4,74.6
2020-05-16 00:45:00,21.4,74.6
2020-05-16 00:46:00,21.4,74.7
2020-05-16 00:47:00,21.4,74.7
2020-05-16 00:48:00,21.4,74.7
2020-05-16 00:49:00,21.3,74.7
2020-05-16 00:50:00,21.3,74.7
2020-05-16 00:51:00,21.3,74.7
2020-05-16 00:52:00,21.3,74.7
2020-05-16 00:53:00,21.3,74.8
2020-05-16 00:54:00,21.3,74.8
2020-05-16 00:55:00,21.2,74.8
2020-05-16 00:56:00,21.2,74.8
2020-05-16 00:57:00,21.2,74.8
2020-05-16 00:58:00,21.2,74.8
2020-05-16 00:59:00,21.2,74.9
2020-05-16 01:00:00,21.1,74.8
2020-05-16 01:01:00,21.1,74.8
2020-05-16 01:02:00,21.1,74.9
2020-05-16 01:03:00,21.1,74.9
2020-05-16 01:04:00,21.1,74.9
2020-05-16 01:05:00,21.1,74.9
2020-05-16 01:06:00,21,74.9
2020-05-16 01:07:00,21,74.9
2020-05-16 01:08:00,21,74.9
2020-05-16 01:09:00,21,74.9
2020-05-16 01:10:00,21,74.9
2020-05-16 01:11:00,21,75
2020-05-16 01:12:00,21,75
2020-05-16 01:13:00,21,75
2020-05-16 01:14:00,20.9,75
2020-05-16 01:15:00,20.9,75.1
2020-05-16 01:16:00,20.9,75.1
2020-05-16 01:17:00,20.9,75.1
2020-05-16 01:18:00,20.9,75.1
2020-05-16 01:19:00,20.8,75.1
2020-05-16 01:20:00,20.8,75.1
2020-05-16 01:21:00,20.8,75.1
2020-05-16 01:22:00,20.8,75.1
2020-05-16 01:23:00,20.8,75.1
2020-05-16 01:24:00,20.8,75.2
2020-05-16 01:25:00,20.8,75.2
2020-05-16 01:26:00,20.7,75.2
2020-05-16 01:27:00,20.7,75.2
2020-05-16 01:28:00,20.7,75.2
2020-05-16 01:29:00,20.7,75.2
2020-05-16 01:30:00,20.7,75.2
2020-05-16 01:31:00,20.7,75.2
2020-05-16 01:32:00,20.6,75.2
2020-05-16 01:33:00,20.6,75.2
2020-05-16 01:34:00,20.6,75.2
2020-05-16 01:35:00,20.6,75.2
2020-05-16 01:36:00,20.6,75.3
2020-05-16 01:37:00,20.6,75.3
2020-05-16 01:38:00,20.6,75.2
2020-05-16 01:39:00,20.6,75.3
2020-05-16 01:40:00,20.5,75.2
2020-05-16 01:41:00,20.5,75.2
2020-05-16 01:42:00,20.5,75.2
2020-05-16 01:43:00,20.5,75.3
2020-05-16 01:44:00,20.5,75.2
2020-05-16 01:45:00,20.5,75.3
2020-05-16 01:46:00,20.5,75.3
2020-05-16 01:47:00,20.5,75.3
2020-05-16 01:48:00,20.4,75.3
2020-05-16 01:49:00,20.4,75.3
2020-05-16 01:50:00,20.4,75.3
2020-05-16 01:51:00,20.4,75.3
2020-05-16 01:52:00,20.4,75.3
2020-05-16 01:53:00,20.4,75.3
2020-05-16 01:54:00,20.3,75.3
2020-05-16 01:55:00,20.3,75.3
2020-05-16 01:56:00,20.3,75.3
2020-05-16 01:57:00,20.3,75.3
2020-05-16 01:58:00,20.3,75.4
2020-05-16 01:59:00,20.3,75.4
2020-05-16 02:00:00,20.2,75.4
2020-05-16 02:01:00,20.2,75.4
2020-05-16 02:02:00,20.2,75.4
2020-05-16 02:03:00,20.2,75.4
2020-05-16 02:04:00,20.2,75.5
2020-05-16 02:05:00,20.2,75.5
2020-05-16 02:06:00,20.1,75.5
2020-05-16 02:07:00,20.1,75.5
2020-05-16 02:08:00,20.1,75.5
2020-05-16 02:09:00,20.1,75.5
2020-05-16 02:10:00,20.1,75.5
2020-05-16 02:11:00,20.1,75.5
2020-05-16 02:12:00,20.1,75.5
2020-05-16 02:13:00,20,75.5
2020-05-16 02:14:00,20,75.5
2020-05-16 02:15:00,20,75.5
2020-05-16 02:16:00,20,75.5
2020-05-16 02:17:00,20,75.5
2020-05-16 02:18:00,20,75.5
2020-05-16 02:19:00,20,75.5
2020-05-16 02:20:00,20,75.5
2020-05-16 02:21:00,20,75.5
2020-05-16 02:22:00,20,75.4
2020-05-16 02:23:00,20,75.5
2020-05-16 02:24:00,19.9,75.4
2020-05-16 02:25:00,19.9,75.5
2020-05-16 02:26:00,19.9,75.5
2020-05-16 02:27:00,19.9,75.5
2020-05-16 02:28:00,19.9,75.5
2020-05-16 02:29:00,19.9,75.5
2020-05-16 02:30:00,19.8,75.5
2020-05-16 02:31:00,19.8,75.5
2020-05-16 02:32:00,19.8,75.5
2020-05-16 02:33:00,19.8,75.4
2020-05-16 02:34:00,19.8,75.5
2020-05-16 02:35:00,19.8,75.5
2020-05-16 02:36:00,19.8,75.4
2020-05-16 02:37:00,19.7,75.5
2020-05-16 02:38:00,19.7,75.5
2020-05-16 02:39:00,19.7,75.5
2020-05-16 02:40:00,19.7,75.5
2020-05-16 02:41:00,19.7,75.5
2020-05-16 02:42:00,19.6,75.5
2020-05-16 02:43:00,19.6,75.6
2020-05-16 02:44:00,19.6,75.5
2020-05-16 02:45:00,19.6,75.6
2020-05-16 02:46:00,19.6,75.6
2020-05-16 02:47:00,19.6,75.6
2020-05-16 02:48:00,19.6,75.6
2020-05-16 02:49:00,19.6,75.6
2020-05-16 02:50:00,19.5,75.6
2020-05-16 02:51:00,19.5,75.6
2020-05-16 02:52:00,19.5,75.6
2020-05-16 02:53:00,19.5,75.6
2020-05-16 02:54:00,19.5,75.6
2020-05-16 02:55:00,19.5,75.6
2020-05-16 02:56:00,19.5,75.7
2020-05-16 02:57:00,19.5,75.7
2020-05-16 02:58:00,19.5,75.7
2020-05-16 02:59:00,19.5,75.7
2020-05-16 03:00:00,19.4,75.7
2020-05-16 03:01:00,19.4,75.7
2020-05-16 03:02:00,19.4,75.7
2020-05-16 03:03:00,19.4,75.7
2020-05-16 03:04:00,19.4,75.7
2020-05-16 03:05:00,19.4,75.7
2020-05-16 03:06:00,19.4,75.7
2020-05-16 03:07:00,19.3,75.7
2020-05-16 03:08:00,19.3,75.7
2020-05-16 03:09:00,19.3,75.7
2020-05-16 03:10:00,19.3,75.7
2020-05-16 03:11:00,19.3,75.7
2020-05-16 03:12:00,19.3,75.7
2020-05-16 03:13:00,19.3,75.7
2020-05-16 03:14:00,19.3,75.7
2020-05-16 03:15:00,19.2,75.7
2020-05-16 03:16:00,19.2,75.7
2020-05-16 03:17:00,19.2,75.7
2020-05-16 03:18:00,19.2,75.7
2020-05-16 03:19:00,19.2,75.7
2020-05-16 03:20:00,19.2,75.7
2020-05-16 03:21:00,19.1,75.7
2020-05-16 03:22:00,19.1,75.7
2020-05-16 03:23:00,19.1,75.7
2020-05-16 03:24:00,19.1,75.7
2020-05-16 03:25:00,19.1,75.7
2020-05-16 03:26:00,19.1,75.8
2020-05-16 03:27:00,19.1,75.8
2020-05-16 03:28:00,19.1,75.8
2020-05-16 03:29:00,19.1,75.8
2020-05-16 03:30:00,19,75.8
2020-05-16 03:31:00,19,75.8
2020-05-16 03:32:00,19,75.7
2020-05-16 03:33:00,19,75.7
2020-05-16 03:34:00,19,75.7
2020-05-16 03:35:00,19,75.8
2020-05-16 03:36:00,19,75.8
2020-05-16 03:37:00,19,75.8
2020-05-16 03:38:00,19,75.8
2020-05-16 03:39:00,19,75.8
2020-05-16 03:40:00,19,75.8
2020-05-16 03:41:00,18.9,75.8
2020-05-16 03:42:00,18.9,75.8
2020-05-16 03:43:00,18.9,75.8
2020-05-16 03:44:00,18.9,75.7
2020-05-16 03:45:00,18.9,75.8
2020-05-16 03:46:00,18.9,75.8
2020-05-16 03:47:00,18.8,75.8
2020-05-16 03:48:00,18.8,75.7
2020-05-16 03:49:00,18.8,75.7
2020-05-16 03:50:00,18.8,75.7
2020-05-16 03:51:00,18.8,75.7
2020-05-16 03:52:00,18.8,75.7
2020-05-16 03:53:00,18.8,75.7
2020-05-16 03:54:00,18.8,75.7
2020-05-16 03:55:00,18.7,75.7
2020-05-16 03:56:00,18.7,75.7
2020-05-16 03:57:00,18.7,75.7
2020-05-16 03:58:00,18.7,75.8
2020-05-16 03:59:00,18.7,75.8
2020-05-16 04:00:00,18.7,75.8
2020-05-16 04:01:00,18.7,75.8
2020-05-16 04:02:00,18.7,75.8
2020-05-16 04:03:00,18.7,75.8
2020-05-16 04:04:00,18.6,75.8
2020-05-16 04:05:00,18.6,75.7
2020-05-16 04:06:00,18.6,75.8
2020-05-16 04:07:00,18.6,75.8
2020-05-16 04:08:00,18.6,75.8
2020-05-16 04:09:00,18.6,75.8
2020-05-16 04:10:00,18.6,75.8
2020-05-16 04:11:00,18.6,75.8
2020-05-16 04:12:00,18.6,75.8
2020-05-16 04:13:00,18.5,75.7
2020-05-16 04:14:00,18.5,75.7
2020-05-16 04:15:00,18.5,75.8
2020-05-16 04:16:00,18.5,75.8
2020-05-16 04:17:00,18.5,75.7
2020-05-16 04:18:00,18.5,75.8
2020-05-16 04:19:00,18.5,75.7
2020-05-16 04:20:00,18.5,75.8
2020-05-16 04:21:00,18.5,75.8
2020-05-16 04:22:00,18.5,75.8
2020-05-16 04:23:00,18.4,75.8
2020-05-16 04:24:00,18.4,75.8
2020-05-16 04:25:00,18.4,75.8
2020-05-16 04:26:00,18.4,75.8
2020-05-16 04:27:00,18.4,75.8
2020-05-16 04:28:00,18.4,75.8
2020-05-16 04:29:00,18.3,75.8
2020-05-16 04:30:00,18.3,75.8
2020-05-16 04:31:00,18.3,75.8
2020-05-16 04:32:00,18.3,75.8
2020-05-16 04:33:00,18.3,75.8
2020-05-16 04:34:00,18.3,75.8
2020-05-16 04:35:00,18.3,75.8
2020-05-16 04:36:00,18.3,75.8
2020-05-16 04:37:00,18.3,75.8
2020-05-16 04:38:00,18.2,75.8
2020-05-16 04:39:00,18.2,75.8
2020-05-16 04:40:00,18.2,75.8
2020-05-16 04:41:00,18.2,75.8
2020-05-16 04:42:00,18.2,75.8
2020-05-16 04:43:00,18.2,75.8
2020-05-16 04:44:00,18.2,75.7
2020-05-16 04:45:00,18.1,75.8
2020-05-16 04:46:00,18.1,75.8
2020-05-16 04:47:00,18.1,75.8
2020-05-16 04:48:00,18.1,75.8
2020-05-16 04:49:00,18.1,75.8
2020-05-16 04:50:00,18.1,75.8
2020-05-16 04:51:00,18.1,75.6
2020-05-16 04:52:00,18.1,75.7
2020-05-16 04:53:00,18.1,75.8
2020-05-16 04:54:00,18.1,75.8
2020-05-16 04:55:00,18,75.8
2020-05-16 04:56:00,18,75.8
2020-05-16 04:57:00,18,75.8
2020-05-16 04:58:00,18,75.8
2020-05-16 04:59:00,18,75.8
2020-05-16 05:00:00,18,75.8
2020-05-16 05:01:00,18,75.8
2020-05-16 05:02:00,18,75.8
2020-05-16 05:03:00,18,75.8
2020-05-16 05:04:00,18,75.8
2020-05-16 05:05:00,18,75.8
2020-05-16 05:06:00,18,75.8
2020-05-16 05:07:00,18,75.8
2020-05-16 05:08:00,17.9,75.8
2020-05-16 05:09:00,17.9,75.8
2020-05-16 05:10:00,17.9,75.8
2020-05-16 05:11:00,17.9,75.9
2020-05-16 05:12:00,17.9,75.9
2020-05-16 05:13:00,17.9,75.9
2020-05-16 05:14:00,17.9,75.9
2020-05-16 05:15:00,17.8,75.9
2020-05-16 05:16:00,17.8,75.8
2020-05-16 05:17:00,17.8,75.8
2020-05-16 05:18:00,17.8,75.9
2020-05-16 05:19:00,17.8,75.8
2020-05-16 05:20:00,17.8,75.8
2020-05-16 05:21:00,17.8,75.8
2020-05-16 05:22:00,17.8,75.8
2020-05-16 05:23:00,17.8,75.8
2020-05-16 05:24:00,17.8,75.8
2020-05-16 05:25:00,17.7,75.7
2020-05-16 05:26:00,17.7,75.7
2020-05-16 05:27:00,17.7,75.8
2020-05-16 05:28:00,17.7,75.8
2020-05-16 05:29:00,17.7,75.8
2020-05-16 05:30:00,17.7,75.8
2020-05-16 05:31:00,17.7,75.7
2020-05-16 05:32:00,17.7,75.8
2020-05-16 05:33:00,17.7,75.8
2020-05-16 05:34:00,17.6,75.8
2020-05-16 05:35:00,17.6,75.8
2020-05-16 05:36:00,17.6,75.8
2020-05-16 05:37:00,17.6,75.8
2020-05-16 05:38:00,17.6,75.8
2020-05-16 05:39:00,17.6,75.8
2020-05-16 05:40:00,17.6,75.8
2020-05-16 05:41:00,17.6,75.8
2020-05-16 05:42:00,17.6,75.8
2020-05-16 05:43:00,17.6,75.8
2020-05-16 05:44:00,17.6,75.8
2020-05-16 05:45:00,17.5,75.8
2020-05-16 05:46:00,17.5,75.8
2020-05-16 05:47:00,17.5,75.8
2020-05-16 05:48:00,17.5,75.8
2020-05-16 05:49:00,17.5,75.8
2020-05-16 05:50:00,17.5,75.8
2020-05-16 05:51:00,17.5,75.8
2020-05-16 05:52:00,17.5,75.8
2020-05-16 05:53:00,17.5,75.8
2020-05-16 05:54:00,17.5,75.8
2020-05-16 05:55:00,17.5,75.8
2020-05-16 05:56:00,17.5,75.8
2020-05-16 05:57:00,17.4,75.8
2020-05-16 05:58:00,17.4,75.8
2020-05-16 05:59:00,17.4,75.8
2020-05-16 06:00:00,17.4,75.8
2020-05-16 06:01:00,17.4,75.8
2020-05-16 06:02:00,17.4,75.8
2020-05-16 06:03:00,17.4,75.8
2020-05-16 06:04:00,17.4,75.8
2020-05-16 06:05:00,17.3,75.8
2020-05-16 06:06:00,17.3,75.8
2020-05-16 06:07:00,17.3,75.8
2020-05-16 06:08:00,17.3,75.8
2020-05-16 06:09:00,17.3,75.8
2020-05-16 06:10:00,17.3,75.8
2020-05-16 06:11:00,17.3,75.8
2020-05-16 06:12:00,17.3,75.7
2020-05-16 06:13:00,17.3,75.8
2020-05-16 06:14:00,17.3,75.7
2020-05-16 06:15:00,17.3,75.7
2020-05-16 06:16:00,17.3,75.8
2020-05-16 06:17:00,17.3,75.8
2020-05-16 06:18:00,17.3,75.7
2020-05-16 06:19:00,17.2,75.7
2020-05-16 06:20:00,17.2,75.7
2020-05-16 06:21:00,17.2,75.7
2020-05-16 06:22:00,17.2,75.7
2020-05-16 06:23:00,17.2,75.7
2020-05-16 06:24:00,17.2,75.7
2020-05-16 06:25:00,17.2,75.7
2020-05-16 06:26:00,17.2,75.7
2020-05-16 06:27:00,17.2,75.7
2020-05-16 06:28:00,17.2,75.7
2020-05-16 06:29:00,17.2,75.7
2020-05-16 06:30:00,17.2,75.6
2020-05-16 06:31:00,17.2,75.6
2020-05-16 06:32:00,17.2,75.6
2020-05-16 06:33:00,17.3,75.6
2020-05-16 06:34:00,17.3,75.5
2020-05-16 06:35:00,17.3,75.5
2020-05-16 06:36:00,17.3,75.4
2020-05-16 06:37:00,17.4,75.3
2020-05-16 06:38:00,17.4,75.2
2020-05-16 06:39:00,17.4,75.1
2020-05-16 06:40:00,17.5,75.1
2020-05-16 06:41:00,17.5,75
2020-05-16 06:42:00,17.5,74.9
2020-05-16 06:43:00,17.6,74.8
2020-05-16 06:44:00,17.6,74.6
2020-05-16 06:45:00,17.6,74.5
2020-05-16 06:46:00,17.7,74.4
2020-05-16 06:47:00,17.7,74.3
2020-05-16 06:48:00,17.7,74.2
2020-05-16 06:49:00,17.8,74.1
2020-05-16 06:50:00,17.8,74
2020-05-16 06:51:00,17.8,73.9
2020-05-16 06:52:00,17.9,73.8
2020-05-16 06:53:00,17.9,73.6
2020-05-16 06:54:00,18,73.5
2020-05-16 06:55:00,18,73.3
2020-05-16 06:56:00,18,73.2
2020-05-16 06:57:00,18.1,73.1
2020-05-16 06:58:00,18.1,72.9
2020-05-16 06:59:00,18.2,72.8
2020-05-16 07:00:00,18.2,72.7
2020-05-16 07:01:00,18.2,72.5
2020-05-16 07:02:00,18.3,72.4
2020-05-16 07:03:00,18.3,72.2
2020-05-16 07:04:00,18.4,72.1
2020-05-16 07:05:00,18.4,71.9
2020-05-16 07:06:00,18.5,71.8
2020-05-16 07:07:00,18.5,71.7
2020-05-16 07:08:00,18.5,71.5
2020-05-16 07:09:00,18.6,71.4
2020-05-16 07:10:00,18.6,71.3
2020-05-16 07:11:00,18.7,71.1
2020-05-16 07:12:00,18.7,70.9
2020-05-16 07:13:00,18.7,70.7
2020-05-16 07:14:00,18.8,70.7
2020-05-16 07:15:00,18.8,70.6
2020-05-16 07:16:00,18.9,70.5
2020-05-16 07:17:00,18.9,70.4
2020-05-16 07:18:00,19,70.3
2020-05-16 07:19:00,19,70.2
2020-05-16 07:20:00,19,70.1
2020-05-16 07:21:00,19.1,69.9
2020-05-16 07:22:00,19.1,69.8
2020-05-16 07:23:00,19.2,69.7
2020-05-16 07:24:00,19.2,69.6
2020-05-16 07:25:00,19.3,69.5
2020-05-16 07:26:00,19.3,69.4
2020-05-16 07:27:00,19.4,69.3
2020-05-16 07:28:00,19.4,69.2
2020-05-16 07:29:00,19.5,69.1
2020-05-16 07:30:00,19.5,69
2020-05-16 07:31:00,19.5,68.8
2020-05-16 07:32:00,19.6,68.7
2020-05-16 07:33:00,19.6,68.6
2020-05-16 07:34:00,19.7,68.5
2020-05-16 07:35:00,19.7,68.4
2020-05-16 07:36:00,19.8,68.4
2020-05-16 07:37:00,19.8,68.3
2020-05-16 07:38:00,19.9,68.2
2020-05-16 07:39:00,20,68.1
2020-05-16 07:40:00,20,68
2020-05-16 07:41:00,20,67.9
2020-05-16 07:42:00,20,67.8
2020-05-16 07:43:00,20.1,67.7
2020-05-16 07:44:00,20.1,67.6
2020-05-16 07:45:00,20.2,67.5
2020-05-16 07:46:00,20.2,67.4
2020-05-16 07:47:00,20.3,67.2
2020-05-16 07:48:00,20.3,67.2
2020-05-16 07:49:00,20.4,67.1
2020-05-16 07:50:00,20.4,67
2020-05-16 07:51:00,20.5,66.9
2020-05-16 07:52:00,20.5,66.9
2020-05-16 07:53:00,20.5,66.8
2020-05-16 07:54:00,20.6,66.7
2020-05-16 07:55:00,20.6,66.6
2020-05-16 07:56:00,20.7,66.5
2020-05-16 07:57:00,20.7,66.4
2020-05-16 07:58:00,20.7,66.3
2020-05-16 07:59:00,20.8,66.2
2020-05-16 08:00:00,20.8,66.2
2020-05-16 08:01:00,20.9,66.1
2020-05-16 08:02:00,20.9,66
2020-05-16 08:03:00,20.9,65.9
2020-05-16 08:04:00,21,65.8
2020-05-16 08:05:00,21,65.8
2020-05-16 08:06:00,21,65.7
2020-05-16 08:07:00,21.1,65.6
2020-05-16 08:08:00,21.1,65.5
2020-05-16 08:09:00,21.1,65.5
2020-05-16 08:10:00,21.2,65.4
2020-05-16 08:11:00,21.2,65.3
2020-05-16 08:12:00,21.3,65.3
2020-05-16 08:13:00,21.3,65.2
2020-05-16 08:14:00,21.4,65.1
2020-05-16 08:15:00,21.4,65.1
2020-05-16 08:16:00,21.5,65
2020-05-16 08:17:00,21.5,64.9
2020-05-16 08:18:00,21.5,64.8
2020-05-16 08:19:00,21.6,64.8
2020-05-16 08:20:00,21.6,64.7
2020-05-16 08:21:00,21.6,64.7
2020-05-16 08:22:00,21.7,64.6
2020-05-16 08:23:00,21.7,64.6
2020-05-16 08:24:00,21.7,64.6
2020-05-16 08:25:00,21.8,64.6
2020-05-16 08:26:00,21.8,64.6
2020-05-16 08:27:00,21.8,64.6
2020-05-16 08:28:00,21.9,64.7
2020-05-16 08:29:00,21.9,64.6
2020-05-16 08:30:00,21.9,64.7
2020-05-16 08:31:00,22,64.7
2020-05-16 08:32:00,22,64.6
2020-05-16 08:33:00,22,64.6
2020-05-16 08:34:00,22.1,64.6
2020-05-16 08:35:00,22.1,64.7
2020-05-16 08:36:00,22.1,64.7
2020-05-16 08:37:00,22.1,64.5
2020-05-16 08:38:00,22.2,64.6
2020-05-16 08:39:00,22.2,64.6
2020-05-16 08:40:00,22.2,64.6
2020-05-16 08:41:00,22.3,64.5
2020-05-16 08:42:00,22.3,64.5
2020-05-16 08:43:00,22.3,64.5
2020-05-16 08:44:00,22.4,64.4
2020-05-16 08:45:00,22.4,64.4
2020-05-16 08:46:00,22.4,64.4
2020-05-16 08:47:00,22.5,64.4
2020-05-16 08:48:00,22.5,64.4
2020-05-16 08:49:00,22.5,64.3
2020-05-16 08:50:00,22.5,64.3
2020-05-16 08:51:00,22.5,64.3
2020-05-16 08:52:00,22.6,64.2
2020-05-16 08:53:00,22.6,64.2
2020-05-16 08:54:00,22.6,64.2
2020-05-16 08:55:00,22.6,64.2
2020-05-16 08:56:00,22.6,64.2
2020-05-16 08:57:00,22.7,64.1
2020-05-16 08:58:00,22.7,64.1
2020-05-16 08:59:00,22.7,64.2
2020-05-16 09:00:00,22.8,64.2
2020-05-16 09:01:00,22.8,64.2
2020-05-16 09:02:00,22.8,64.2
2020-05-16 09:03:00,22.8,64.2
2020-05-16 09:04:00,22.8,64.2
2020-05-16 09:05:00,22.9,64.1
2020-05-16 09:06:00,22.9,64.1
2020-05-16 09:07:00,22.9,64.2
2020-05-16 09:08:00,22.9,64.1
2020-05-16 09:09:00,22.9,64.1
2020-05-16 09:10:00,23,64.1
2020-05-16 09:11:00,23,64
2020-05-16 09:12:00,23,64.1
2020-05-16 09:13:00,23,64
2020-05-16 09:14:00,23,64
2020-05-16 09:15:00,23.1,64
2020-05-16 09:16:00,23.1,64
2020-05-16 09:17:00,23.1,63.9
2020-05-16 09:18:00,23.1,64
2020-05-16 09:19:00,23.1,63.9
2020-05-16 09:20:00,23.2,63.9
2020-05-16 09:21:00,23.2,63.8
2020-05-16 09:22:00,23.2,63.9
2020-05-16 09:23:00,23.2,63.8
2020-05-16 09:24:00,23.3,63.8
2020-05-16 09:25:00,23.3,63.8
2020-05-16 09:26:00,23.3,63.8
2020-05-16 09:27:00,23.3,63.8
2020-05-16 09:28:00,23.3,63.8
2020-05-16 09:29:00,23.4,63.7
2020-05-16 09:30:00,23.4,63.7
2020-05-16 09:31:00,23.4,63.7
2020-05-16 09:32:00,23.4,63.7
2020-05-16 09:33:00,23.4,63.7
2020-05-16 09:34:00,23.4,63.7
2020-05-16 09:35:00,23.5,63.7
2020-05-16 09:36:00,23.5,63.6
2020-05-16 09:37:00,23.5,63.6
2020-05-16 09:38:00,23.5,63.6
2020-05-16 09:39:00,23.5,63.6
2020-05-16 09:40:00,23.5,63.6
2020-05-16 09:41:00,23.5,63.6
2020-05-16 09:42:00,23.5,63.5
2020-05-16 09:43:00,23.6,63.5
2020-05-16 09:44:00,23.6,63.6
2020-05-16 09:45:00,23.6,63.5
2020-05-16 09:46:00,23.6,63.5
2020-05-16 09:47:00,23.6,63.5
2020-05-16 09:48:00,23.6,63.5
2020-05-16 09:49:00,23.7,63.5
2020-05-16 09:50:00,23.7,63.5
2020-05-16 09:51:00,23.7,63.5
2020-05-16 09:52:00,23.7,63.5
2020-05-16 09:53:00,23.7,63.5
2020-05-16 09:54:00,23.7,63.5
2020-05-16 09:55:00,23.8,63.5
2020-05-16 09:56:00,23.8,63.5
2020-05-16 09:57:00,23.8,63.4
2020-05-16 09:58:00,23.8,63.3
2020-05-16 09:59:00,23.8,63.4
2020-05-16 10:00:00,23.8,63.4
2020-05-16 10:01:00,23.9,63.3
2020-05-16 10:02:00,23.9,63.4
2020-05-16 10:03:00,23.9,63.3
2020-05-16 10:04:00,23.9,63.3
2020-05-16 10:05:00,23.9,63.3
2020-05-16 10:06:00,23.9,63.3
2020-05-16 10:07:00,24,63.2
2020-05-16 10:08:00,24,63.3
2020-05-16 10:09:00,24,63.3
2020-05-16 10:10:00,24,63.3
2020-05-16 10:11:00,24,63.2
2020-05-16 10:12:00,24,63.2
2020-05-16 10:13:00,24,63.1
2020-05-16 10:14:00,24,63.1
2020-05-16 10:15:00,24.1,63.2
2020-05-16 10:16:00,24.1,63
2020-05-16 10:17:00,24.1,63.3
2020-05-16 10:18:00,24.1,63.1
2020-05-16 10:19:00,24.1,63.1
2020-05-16 10:20:00,24.1,63.1
2020-05-16 10:21:00,24.1,63
2020-05-16 10:22:00,24.2,63.1
2020-05-16 10:23:00,24.2,63
2020-05-16 10:24:00,24.2,63.1
2020-05-16 10:25:00,24.2,62.9
2020-05-16 10:26:00,24.2,63
2020-05-16 10:27:00,24.2,63
2020-05-16 10:28:00,24.3,63
2020-05-16 10:29:00,24.3,63
2020-05-16 10:30:00,24.3,63
2020-05-16 10:31:00,24.3,62.9
2020-05-16 10:32:00,24.3,62.8
2020-05-16 10:33:00,24.3,62.8
2020-05-16 10:34:00,24.4,62.9
2020-05-16 10:35:00,24.4,63
2020-05-16 10:36:00,24.4,63
2020-05-16 10:37:00,24.4,62.9
2020-05-16 10:38:00,24.4,62.8
2020-05-16 10:39:00,24.4,62.9
2020-05-16 10:40:00,24.5,62.9
2020-05-16 10:41:00,24.5,62.8
2020-05-16 10:42:00,24.5,62.8
2020-05-16 10:43:00,24.5,62.7
2020-05-16 10:44:00,24.5,62.7
2020-05-16 10:45:00,24.5,62.8
2020-05-16 10:46:00,24.5,62.7
2020-05-16 10:47:00,24.6,62.7
2020-05-16 10:48:00,24.6,62.6
2020-05-16 10:49:00,24.6,62.6
2020-05-16 10:50:00,24.6,62.7
2020-05-16 10:51:00,24.6,62.7
2020-05-16 10:52:00,24.6,62.6
2020-05-16 10:53:00,24.7,62.7
2020-05-16 10:54:00,24.7,62.8
2020-05-16 10:55:00,24.7,62.7
2020-05-16 10:56:00,24.7,62.7
2020-05-16 10:57:00,24.7,62.7
2020-05-16 10:58:00,24.7,62.7
2020-05-16 10:59:00,24.7,62.6
2020-05-16 11:00:00,24.8,62.5
2020-05-16 11:01:00,24.8,62.5
2020-05-16 11:02:00,24.8,62.5
2020-05-16 11:03:00,24.8,62.4
2020-05-16 11:04:00,24.8,62.5
2020-05-16 11:05:00,24.8,62.4
2020-05-16 11:06:00,24.8,62.4
2020-05-16 11:07:00,24.9,62.4
2020-05-16 11:08:00,24.9,62.4
2020-05-16 11:09:00,24.9,62.6
2020-05-16 11:10:00,24.9,62.5
2020-05-16 11:11:00,24.9,62.3
2020-05-16 11:12:00,25,62.3
2020-05-16 11:13:00,25,62.3
2020-05-16 11:14:00,25,62.3
2020-05-16 11:15:00,25,62.3
2020-05-16 11:16:00,25,62.3
2020-05-16 11:17:00,25,62.3
2020-05-16 11:18:00,25,62.3
2020-05-16 11:19:00,25,62.3
2020-05-16 11:20:00,25.1,62.3
2020-05-16 11:21:00,25.1,62.4
2020-05-16 11:22:00,25.1,62.3
2020-05-16 11:23:00,25.1,62.2
2020-05-16 11:24:00,25.1,62.2
2020-05-16 11:25:00,25.1,62.2
2020-05-16 11:26:00,25.1,62.2
2020-05-16 11:27:00,25.2,62.4
2020-05-16 11:28:00,25.2,62.4
2020-05-16 11:29:00,25.2,62.2
2020-05-16 11:30:00,25.2,62.2
2020-05-16 11:31:00,25.2,62.2
2020-05-16 11:32:00,25.3,62.2
2020-05-16 11:33:00,25.3,62.4
2020-05-16 11:34:00,25.3,62.4
2020-05-16 11:35:00,25.3,62.2
2020-05-16 11:36:00,25.3,62.2
2020-05-16 11:37:00,25.3,62.4
2020-05-16 11:38:00,25.3,62.4
2020-05-16 11:39:00,25.4,62.4
2020-05-16 11:40:00,25.4,62.2
2020-05-16 11:41:00,25.4,62.2
2020-05-16 11:42:00,25.4,62.3
2020-05-16 11:43:00,25.4,62.3
2020-05-16 11:44:00,25.5,62.3
2020-05-16 11:45:00,25.4,62.1
2020-05-16 11:46:00,25.5,62.4
2020-05-16 11:47:00,25.5,62.4
2020-05-16 11:48:00,25.5,62.3
2020-05-16 11:49:00,25.5,62.3
2020-05-16 11:50:00,25.5,62.3
2020-05-16 11:51:00,25.5,62.2
2020-05-16 11:52:00,25.5,62.3
2020-05-16 11:53:00,25.5,62.2
2020-05-16 11:54:00,25.6,62.3
2020-05-16 11:55:00,25.6,62.3
2020-05-16 11:56:00,25.6,62.3
2020-05-16 11:57:00,25.6,62.2
2020-05-16 11:58:00,25.6,62.3
2020-05-16 11:59:00,25.6,62.3
2020-05-16 12:00:00,25.6,62.1
2020-05-16 12:01:00,25.7,62.3
2020-05-16 12:02:00,25.7,62.1
2020-05-16 12:03:00,25.7,62.3
2020-05-16 12:04:00,25.7,62.2
2020-05-16 12:05:00,25.7,62.3
2020-05-16 12:06:00,25.7,62.3
2020-05-16 12:07:00,25.8,62.3
2020-05-16 12:08:00,25.8,62.1
2020-05-16 12:09:00,25.8,62.1
2020-05-16 12:10:00,25.8,62.1
2020-05-16 12:11:00,25.8,62
2020-05-16 12:12:00,25.8,62
2020-05-16 12:13:00,25.9,62.1
2020-05-16 12:14:00,25.9,62
2020-05-16 12:15:00,25.9,62
2020-05-16 12:16:00,25.9,62
2020-05-16 12:17:00,25.9,62.1
2020-05-16 12:18:00,26,62
2020-05-16 12:19:00,26,62
2020-05-16 12:20:00,26,62
2020-05-16 12:21:00,26,61.9
2020-05-16 12:22:00,26,61.9
2020-05-16 12:23:00,26,61.9
2020-05-16 12:24:00,26,62.1
2020-05-16 12:25:00,26,61.9
2020-05-16 12:26:00,26.1,61.9
2020-05-16 12:27:00,26.1,62
2020-05-16 12:28:00,26.1,61.9
2020-05-16 12:29:00,26.1,62.1
2020-05-16 12:30:00,26.1,62
2020-05-16 12:31:00,26.1,62
2020-05-16 12:32:00,26.1,61.9
2020-05-16 12:33:00,26.1,62.1
2020-05-16 12:34:00,26.2,62
2020-05-16 12:35:00,26.2,61.9
2020-05-16 12:36:00,26.2,61.9
2020-05-16 12:37:00,26.2,61.9
2020-05-16 12:38:00,26.2,61.8
2020-05-16 12:39:00,26.2,61.9
2020-05-16 12:40:00,26.3,61.9
2020-05-16 12:41:00,26.3,61.9
2020-05-16 12:42:00,26.3,62
2020-05-16 12:43:00,26.3,62
2020-05-16 12:44:00,26.3,61.9
2020-05-16 12:45:00,26.3,61.9
2020-05-16 12:46:00,26.4,62
2020-05-16 12:47:00,26.4,61.8
2020-05-16 12:48:00,26.4,62
2020-05-16 12:49:00,26.4,62
2020-05-16 12:50:00,26.4,62
2020-05-16 12:51:00,26.5,61.8
2020-05-16 12:52:00,26.5,61.9
2020-05-16 12:53:00,26.5,61.9
2020-05-16 12:54:00,26.5,61.8
2020-05-16 12:55:00,26.5,62
2020-05-16 12:56:00,26.5,61.8
2020-05-16 12:57:00,26.5,61.8
2020-05-16 12:58:00,26.5,61.8
2020-05-16 12:59:00,26.5,62
2020-05-16 13:00:00,26.5,61.9
2020-05-16 13:01:00,26.6,61.8
2020-05-16 13:02:00,26.6,62
2020-05-16 13:03:00,26.6,61.8
2020-05-16 13:04:00,26.6,61.9
2020-05-16 13:05:00,26.6,61.8
2020-05-16 13:06:00,26.7,61.9
2020-05-16 13:07:00,26.7,61.8
2020-05-16 13:08:00,26.7,61.8
2020-05-16 13:09:00,26.7,61.9
2020-05-16 13:10:00,26.7,62
2020-05-16 13:11:00,26.7,62
2020-05-16 13:12:00,26.8,61.9
2020-05-16 13:13:00,26.8,61.8
2020-05-16 13:14:00,26.8,62
2020-05-16 13:15:00,26.8,62
2020-05-16 13:16:00,26.8,61.9
2020-05-16 13:17:00,26.8,61.8
2020-05-16 13:18:00,26.8,61.9
2020-05-16 13:19:00,26.9,61.7
2020-05-16 13:20:00,26.9,61.8
2020-05-16 13:21:00,26.9,61.6
2020-05-16 13:22:00,26.9,61.8
2020-05-16 13:23:00,26.9,61.8
2020-05-16 13:24:00,26.9,61.8
2020-05-16 13:25:00,27,61.8
2020-05-16 13:26:00,27,61.7
2020-05-16 13:27:00,27,61.7
2020-05-16 13:28:00,27,61.7
2020-05-16 13:29:00,27,61.8
2020-05-16 13:30:00,27,61.9
2020-05-16 13:31:00,27,61.9
2020-05-16 13:32:00,27.1,61.9
2020-05-16 13:33:00,27.1,61.7
2020-05-16 13:34:00,27.1,61.7
2020-05-16 13:35:00,27.1,61.9
2020-05-16 13:36:00,27.1,61.8
2020-05-16 13:37:00,27.1,61.7
2020-05-16 13:38:00,27.1,61.9
2020-05-16 13:39:00,27.2,61.7
2020-05-16 13:40:00,27.2,61.7
2020-05-16 13:41:00,27.2,61.7
2020-05-16 13:42:00,27.2,61.7
2020-05-16 13:43:00,27.2,61.6
2020-05-16 13:44:00,27.2,61.8
2020-05-16 13:45:00,27.2,61.9
2020-05-16 13:46:00,27.2,61.8
2020-05-16 13:47:00,27.2,61.6
2020-05-16 13:48:00,27.3,61.7
2020-05-16 13:49:00,27.3,61.7
2020-05-16 13:50:00,27.3,61.6
2020-05-16 13:51:00,27.3,61.6
2020-05-16 13:52:00,27.3,61.7
2020-05-16 13:53:00,27.3,61.5
2020-05-16 13:54:00,27.4,61.5
2020-05-16 13:55:00,27.4,61.5
2020-05-16 13:56:00,27.4,61.6
2020-05-16 13:57:00,27.4,61.5
2020-05-16 13:58:00,27.4,61.5
2020-05-16 13:59:00,27.5,61.6
2020-05-16 14:00:00,27.5,61.5
2020-05-16 14:01:00,27.5,61.5
2020-05-16 14:02:00,27.5,61.5
2020-05-16 14:03:00,27.5,61.4
2020-05-16 14:04:00,27.5,61.4
2020-05-16 14:05:00,27.5,61.4
2020-05-16 14:06:00,27.5,61.4
2020-05-16 14:07:00,27.6,61.4
2020-05-16 14:08:00,27.6,61.4
2020-05-16 14:09:00,27.6,61.4
2020-05-16 14:10:00,27.6,61.4
2020-05-16 14:11:00,27.6,61.3
2020-05-16 14:12:00,27.7,61.3
2020-05-16 14:13:00,27.7,61.5
2020-05-16 14:14:00,27.7,61.4
2020-05-16 14:15:00,27.7,61.5
2020-05-16 14:16:00,27.7,61.3
2020-05-16 14:17:00,27.7,61.4
2020-05-16 14:18:00,27.7,61.3
2020-05-16 14:19:00,27.8,61.3
2020-05-16 14:20:00,27.8,61.5
2020-05-16 14:21:00,27.8,61.4
2020-05-16 14:22:00,27.8,61.3